link,bin,lane,rows,stopped,mean_speed,qtail_min,nveh
10480,150,1,5,0,43.382,,2
10480,300,1,9,0,44.57,,2
10480,450,1,11,0,47.721817,,4
10480,600,1,23,0,47.471737,,9
10480,750,1,22,0,46.396816,,9
10480,900,1,28,0,42.862144,,10
10480,1050,1,33,0,40.235153,,12
10480,1200,1,41,1,39.325363,142.52000427246094,16
10480,1350,1,38,0,36.41947,,14
10480,1500,1,15,0,51.928665,,7
10480,1650,1,28,0,49.327858,,13
10480,1800,1,50,0,40.311398,,19
10480,1950,1,23,0,50.167824,,10
10480,2100,1,12,0,43.343334,,5
10480,2250,1,18,0,47.615,,9
10480,2400,1,32,12,29.425001,143.67999267578125,9
10480,2550,1,26,5,40.13346,144.05999755859375,12
10480,2700,1,13,0,52.658463,,7
10480,2850,1,38,2,37.222366,147.97999572753906,14
10480,3000,1,61,24,22.073442,114.72000122070312,19
10480,3150,1,14,0,40.945713,,7
10480,3300,1,27,4,35.02,140.22999572753906,9
10480,3450,1,13,0,46.71154,,7
10480,3600,1,30,3,43.235664,140.8300018310547,12
10480,3750,1,13,0,42.012306,,6
10480,3900,1,7,0,40.83714,,4
10480,4050,1,36,13,27.265556,129.8699951171875,9
10480,4200,1,45,28,15.691333,134.9600067138672,10
10480,4350,1,17,3,37.297646,144.85000610351562,7
10480,4500,1,13,0,40.79769,,7
10480,4650,1,21,0,41.988094,,9
10480,4800,1,10,0,45.165,,5
10480,4950,1,21,0,42.45,,9
10480,5100,1,20,0,50.925,,10
10480,5250,1,14,0,53.681427,,8
10482,0,2,32,0,42.769375,,7
10482,150,1,76,0,38.47,,13
10482,150,2,141,0,39.927094,,27
10482,300,1,66,0,41.477577,,11
10482,300,2,132,0,40.418865,,24
10482,450,1,66,0,41.721367,,14
10482,450,2,89,0,38.813595,,17
10482,600,1,82,0,41.81939,,14
10482,600,2,124,0,41.95347,,21
10482,750,1,110,0,38.94373,,17
10482,750,2,129,0,39.804184,,23
10482,900,1,69,0,42.99,,15
10482,900,2,115,0,39.73791,,19
10482,1050,1,108,0,40.18454,,19
10482,1050,2,147,0,41.174896,,26
10482,1200,1,128,0,41.742188,,23
10482,1200,2,129,0,40.343178,,24
10482,1350,1,54,0,42.674442,,11
10482,1350,2,132,0,42.52962,,22
10482,1500,1,99,0,40.095657,,17
10482,1500,2,116,0,38.470776,,19
10482,1650,1,83,0,41.713253,,16
10482,1650,2,122,0,42.046146,,24
10482,1800,1,98,0,40.211735,,21
10482,1800,2,157,0,41.165733,,30
10482,1950,1,89,0,40.175728,,17
10482,1950,2,142,0,41.61204,,30
10482,2100,1,159,0,41.032078,,31
10482,2100,2,166,0,39.526264,,29
10482,2250,1,91,0,39.00978,,20
10482,2250,2,159,0,40.539307,,32
10482,2400,1,67,0,38.849102,,17
10482,2400,2,154,0,40.998055,,32
10482,2550,1,158,0,41.157024,,32
10482,2550,2,151,0,39.07894,,30
10482,2700,1,104,0,39.271248,,20
10482,2700,2,167,0,41.068684,,29
10482,2850,1,89,0,40.22562,,16
10482,2850,2,142,0,42.487816,,25
10482,3000,1,35,0,40.60543,,7
10482,3000,2,104,0,41.61452,,20
10482,3150,1,83,0,39.68,,13
10482,3150,2,177,0,41.934803,,32
10482,3300,1,92,0,40.819454,,18
10482,3300,2,109,0,41.056236,,22
10482,3450,1,107,1,39.502052,373.92999267578125,19
10482,3450,2,146,0,40.59,,27
10482,3600,1,110,0,40.84418,,19
10482,3600,2,165,0,41.178787,,30
10482,3750,1,76,0,40.750134,,13
10482,3750,2,94,0,41.93149,,18
10482,3900,1,72,0,40.59778,,14
10482,3900,2,113,0,41.32186,,19
10482,4050,1,71,0,40.688732,,13
10482,4050,2,56,0,41.081787,,12
10482,4200,1,40,0,38.9725,,9
10482,4200,2,75,0,42.23427,,16
10482,4350,1,63,0,40.65365,,11
10482,4350,2,128,0,41.95164,,22
10482,4500,1,79,0,39.083927,,13
10482,4500,2,124,0,39.436615,,21
10482,4650,1,56,0,38.366787,,12
10482,4650,2,72,0,40.889446,,15
10482,4800,1,55,0,42.12891,,10
10482,4800,2,78,0,42.139103,,15
10482,4950,1,27,0,37.357037,,5
10482,4950,2,96,0,40.584377,,17
10482,5100,1,49,0,39.435307,,9
10482,5100,2,87,0,42.958046,,16
10482,5250,1,26,0,41.567307,,7
10482,5250,2,55,0,42.333458,,10
10484,0,1,15,0,41.122665,,4
10484,150,1,97,0,40.345154,,15
10484,300,1,101,0,39.80802,,17
10484,450,1,115,0,42.78722,,20
10484,600,1,145,0,37.856346,,22
10484,750,1,83,0,41.561447,,17
10484,900,1,81,0,41.831852,,19
10484,1050,1,216,0,41.524216,,40
10484,1200,1,167,0,43.857666,,31
10484,1350,1,171,0,40.136784,,28
10484,1500,1,207,1,41.467003,364.260009765625,37
10484,1650,1,191,0,40.17958,,32
10484,1800,1,146,0,39.77322,,27
10484,1950,1,160,0,39.888874,,26
10484,2100,1,189,0,38.376244,,29
10484,2250,1,154,0,41.715847,,29
10484,2400,1,203,0,41.485615,,37
10484,2550,1,168,0,41.59411,,31
10484,2700,1,173,0,42.057167,,35
10484,2850,1,174,0,40.11563,,31
10484,3000,1,215,0,40.261353,,36
10484,3150,1,188,0,41.63596,,33
10484,3300,1,188,0,42.666172,,33
10484,3450,1,241,0,35.982075,,34
10484,3600,1,206,2,39.47728,320.4200134277344,37
10484,3750,1,162,1,42.39611,374.1199951171875,29
10484,3900,1,196,0,39.288826,,32
10484,4050,1,208,0,39.91274,,37
10484,4200,1,133,0,40.058346,,25
10484,4350,1,183,1,41.872242,380.29998779296875,34
10484,4500,1,248,0,38.88895,,43
10484,4650,1,179,1,37.145866,245.32000732421875,32
10484,4800,1,124,0,37.838306,,21
10484,4950,1,116,0,44.42276,,22
10484,5100,1,165,0,39.439453,,29
10484,5250,1,166,0,41.849937,,33
10490,0,1,14,0,42.394287,,4
10490,150,1,83,0,36.288555,,17
10490,300,1,57,0,41.048595,,14
10490,450,1,58,0,42.072067,,13
10490,600,1,37,0,42.443516,,9
10490,750,1,80,0,43.634876,,16
10490,900,1,40,0,40.873,,8
10490,1050,1,95,0,38.61242,,20
10490,1200,1,123,0,38.163254,,23
10490,1350,1,69,0,40.378983,,15
10490,1500,1,79,0,38.840633,,18
10490,1650,1,91,0,39.756596,,20
10490,1800,1,99,0,37.965755,,21
10490,1950,1,63,0,39.990314,,15
10490,2100,1,51,0,40.89745,,13
10490,2250,1,52,0,38.366154,,12
10490,2400,1,115,0,40.385654,,25
10490,2550,1,51,0,38.57549,,16
10490,2700,1,58,0,39.53879,,14
10490,2850,1,57,0,41.81579,,13
10490,3000,1,44,0,41.25159,,11
10490,3150,1,33,0,41.71212,,9
10490,3300,1,53,0,39.010757,,14
10490,3450,1,38,0,35.808422,,12
10490,3600,1,43,0,41.983723,,9
10490,3750,1,52,0,36.040962,,11
10490,3900,1,40,0,39.061,,11
10490,4050,1,38,0,39.89184,,10
10490,4200,1,39,0,41.48282,,9
10490,4350,1,44,0,41.426136,,10
10490,4500,1,32,0,41.50219,,8
10490,4650,1,16,0,42.42375,,4
10490,4800,1,25,0,41.492,,6
10490,4950,1,49,0,37.276527,,9
10490,5100,1,28,0,38.005,,7
10490,5250,1,42,0,40.079285,,10
10639,150,1,32,0,42.28594,,6
10639,300,1,26,0,42.761154,,5
10639,450,1,27,0,42.163334,,6
10639,600,1,34,0,43.550293,,7
10639,750,1,26,0,37.888847,,5
10639,900,1,28,0,38.216072,,6
10639,1050,1,58,1,39.28138,319.7099914550781,10
10639,1200,1,58,9,34.67224,307.239990234375,9
10639,1350,1,77,3,38.655582,309.8500061035156,13
10639,1500,1,29,0,40.901035,,6
10639,1650,1,83,10,33.18675,295.29998779296875,13
10639,1800,1,118,24,29.857119,296.25,18
10639,1950,1,145,28,29.091309,281.9100036621094,21
10639,2100,1,75,7,35.586666,298.8800048828125,17
10639,2250,1,120,36,25.499666,293.4700012207031,15
10639,2400,1,167,87,16.583174,265.9599914550781,13
10639,2550,1,227,152,9.923656,255.4600067138672,17
10639,2700,1,73,30,17.007809,276.6700134277344,14
10639,2850,1,108,26,24.829166,288.44000244140625,13
10639,3000,1,40,6,32.1215,314.3699951171875,6
10639,3150,1,78,4,34.11397,305.17999267578125,14
10639,3300,1,107,26,24.761028,287.70001220703125,14
10639,3450,1,45,7,31.738667,309.5299987792969,8
10639,3600,1,46,1,38.695652,316.17999267578125,8
10639,3750,1,62,15,30.06629,314.3699951171875,9
10639,3900,1,37,3,33.498375,313.92999267578125,6
10639,4050,1,81,26,24.895803,299.760009765625,10
10639,4200,1,36,2,36.684444,316.5799865722656,7
10639,4350,1,34,3,37.50412,316.9200134277344,7
10639,4500,1,50,4,33.2106,315.19000244140625,9
10639,4650,1,59,3,36.83644,316.80999755859375,10
10639,4800,1,47,3,37.180637,314.7200012207031,10
10639,4950,1,28,0,40.16107,,6
10639,5100,1,26,0,35.449615,,5
10639,5250,1,46,2,37.66413,316.0799865722656,9
10644,150,1,286,0,39.36304,,26
10644,300,1,311,0,38.007492,,35
10644,450,1,519,12,35.705627,360.94000244140625,49
10644,600,1,367,0,38.87499,,42
10644,750,1,420,0,40.307617,,40
10644,900,1,293,0,36.8728,,33
10644,1050,1,642,4,36.110203,131.97000122070312,60
10644,1200,1,606,9,35.487164,629.3200073242188,62
10644,1350,1,789,3,34.79077,1.8799999952316284,76
10644,1500,1,679,7,34.158585,0.949999988079071,72
10644,1650,1,602,0,37.939636,,62
10644,1800,1,491,0,37.08847,,53
10644,1950,1,566,0,40.73228,,61
10644,2100,1,646,0,36.14786,,62
10644,2250,1,577,5,35.478996,697.1900024414062,63
10644,2400,1,520,0,36.820057,,55
10644,2550,1,774,10,35.623318,175.36000061035156,68
10644,2700,1,663,0,37.52822,,70
10644,2850,1,682,10,36.255306,0.5199999809265137,72
10644,3000,1,593,4,36.467674,292.510009765625,64
10644,3150,1,593,5,36.81435,0.05999999865889549,55
10644,3300,1,479,0,37.59977,,50
10644,3450,1,522,0,38.157948,,60
10644,3600,1,595,6,36.36654,0.6100000143051147,63
10644,3750,1,344,0,39.02273,,34
10644,3900,1,527,2,34.523056,695.6900024414062,49
10644,4050,1,299,0,37.054585,,37
10644,4200,1,307,0,41.63495,,32
10644,4350,1,348,0,39.77431,,39
10644,4500,1,377,0,40.478115,,40
10644,4650,1,238,0,40.705463,,27
10644,4800,1,233,0,39.75352,,23
10644,4950,1,171,0,42.574326,,18
10644,5100,1,225,0,40.09818,,22
10644,5250,1,212,0,41.206226,,22
10646,150,1,10,0,74.305,,4
10646,300,1,68,0,41.64926,,17
10646,450,1,97,0,42.156494,,25
10646,600,1,81,0,44.8821,,23
10646,750,1,179,1,43.098377,0.3199999928474426,44
10646,900,1,175,3,37.765884,2.9800000190734863,39
10646,1050,1,138,0,45.81261,,38
10646,1200,1,187,4,43.095562,285.20001220703125,43
10646,1350,1,129,0,38.972015,,29
10646,1500,1,173,0,38.031387,,39
10646,1650,1,266,0,42.54421,,58
10646,1800,1,219,1,44.8389,0.1899999976158142,51
10646,1950,1,197,1,44.273403,262.3500061035156,46
10646,2100,1,137,0,45.407444,,34
10646,2250,1,236,2,41.10623,300.29998779296875,51
10646,2400,1,198,0,43.99308,,47
10646,2550,1,178,0,47.676292,,45
10646,2700,1,267,2,40.52779,267.7200012207031,56
10646,2850,1,179,0,43.2386,,42
10646,3000,1,174,1,43.29667,0.5400000214576721,40
10646,3150,1,193,1,43.662487,0.03999999910593033,43
10646,3300,1,187,0,40.776257,,42
10646,3450,1,160,0,41.580563,,38
10646,3600,1,191,4,40.812878,285.45001220703125,45
10646,3750,1,187,3,38.675293,255.82000732421875,40
10646,3900,1,174,0,42.72293,,42
10646,4050,1,162,0,41.92821,,38
10646,4200,1,178,0,42.337246,,42
10646,4350,1,137,0,45.251095,,34
10646,4500,1,184,0,44.263588,,43
10646,4650,1,189,0,40.726456,,44
10646,4800,1,122,0,41.434097,,31
10646,4950,1,112,0,41.988037,,26
10646,5100,1,185,0,43.933083,,41
10646,5250,1,189,5,40.399315,265.1199951171875,37
10681,300,1,19,0,65.01527,,7
10681,300,2,28,0,39.425,,8
10681,450,1,25,0,58.238,,7
10681,450,2,8,0,62.51875,,3
10681,600,1,11,0,36.14182,,2
10681,600,2,19,0,51.141052,,5
10681,750,1,18,0,46.589443,,4
10681,750,2,21,0,49.58238,,5
10681,900,1,31,0,36.198067,,6
10681,900,2,39,0,42.50359,,10
10681,1050,1,33,0,59.24515,,10
10681,1050,2,44,0,46.758408,,11
10681,1200,1,25,0,49.2796,,6
10681,1200,2,36,0,48.3275,,8
10681,1350,1,16,0,48.804375,,5
10681,1350,2,28,0,45.50643,,7
10681,1500,1,9,0,73.06555,,4
10681,1500,2,17,0,54.374115,,5
10681,1650,1,31,0,53.072582,,9
10681,1650,2,30,0,58.259666,,9
10681,1800,1,24,0,50.019165,,7
10681,1800,2,39,0,42.921284,,10
10681,1950,1,8,0,51.09125,,2
10681,1950,2,18,0,48.606113,,4
10681,2100,1,33,0,47.71576,,8
10681,2100,2,21,0,48.871906,,5
10681,2250,1,59,0,45.599155,,17
10681,2250,2,62,0,49.948227,,18
10681,2400,1,19,1,42.88579,293.3399963378906,6
10681,2400,2,45,1,46.330887,289.3900146484375,13
10681,2550,1,19,0,49.54421,,5
10681,2550,2,30,0,56.790333,,8
10681,2700,1,29,0,51.16724,,8
10681,2700,2,36,0,49.236946,,10
10681,2850,1,10,0,57.15,,4
10681,2850,2,16,0,57.2275,,6
10681,3000,1,11,0,56.397274,,3
10681,3000,2,24,0,53.76625,,6
10681,3150,1,5,0,72.886,,2
10681,3150,2,15,0,63.410667,,5
10681,3300,1,24,0,46.819584,,6
10681,3300,2,39,0,46.46718,,10
10681,3450,1,8,0,52.127502,,2
10681,3450,2,21,0,51.881905,,5
10681,3600,1,14,0,47.282143,,4
10681,3600,2,28,0,45.299644,,6
10681,3750,1,17,0,42.95529,,4
10681,3750,2,19,0,55.280003,,5
10681,3900,1,12,0,64.50833,,4
10681,3900,2,30,0,47.491333,,7
10681,4050,1,34,0,39.361473,,7
10681,4050,2,25,0,47.2828,,6
10681,4200,1,7,0,111.99286,,4
10681,4200,2,24,0,66.87792,,7
10681,4350,1,9,0,60.824444,,3
10681,4350,2,15,0,45.576,,4
10681,4500,1,11,0,43.85818,,3
10681,4500,2,15,0,74.994,,5
10681,4650,1,14,0,48.010715,,3
10681,4650,2,37,0,46.11162,,8
10681,4800,2,10,0,43.222,,2
10681,4950,1,20,0,43.239002,,5
10681,4950,2,27,0,46.43,,6
10681,5100,1,11,0,61.898182,,5
10681,5100,2,15,0,47.862667,,5
10681,5250,1,35,0,47.80971,,10
10681,5250,2,24,0,43.345,,8
