archived_path,original_path,bucket,bytes,reason
_archive/old_docs/HANDOFF_WORKSTATION_20260813.md,HANDOFF_WORKSTATION_20260813.md,old_docs,19008,"2026-08-13 워크스테이션 이관 안내문. 저장소 전체(.git·vendor 제외) grep 에서 이 파일명을 언급하는 파일이 0건 — 자기 자신조차 언급하지 않는다. 코드·config·테스트·문서 어디에서도 안 읽는다. 내용은 이미 완료된 이관 절차이고(현재 브랜치가 그 문서가 지시한 codex/plant-fidelity-v2-1 이다), 망을 modi_eval_rw_control_n4dr150_20260812.inpx 로, 모델을 '통제 15' 로 서술해 core17legs4b 정본과 정면으로 어긋난다. 혼동 유발 위험이 크"
_archive/old_docs/evaluation/calibration/calibration_progress_report_2026-06-26.md,evaluation/calibration/calibration_progress_report_2026-06-26.md,old_docs,6706,"참조 0건, 2026-06 보고서"
_archive/old_docs/evaluation/calibration/calibration_summary_2026-06-26.md,evaluation/calibration/calibration_summary_2026-06-26.md,old_docs,4351,참조 0건
_archive/intermediate_results/evaluation/calibration/component_canary_pstack_decision_balanced_ladder_active0_20260716.json,evaluation/calibration/component_canary_pstack_decision_balanced_ladder_active0_20260716.json,intermediate_results,3232,동상
_archive/intermediate_results/evaluation/calibration/component_canary_pstack_decision_balanced_ladder_active0_20260716.md,evaluation/calibration/component_canary_pstack_decision_balanced_ladder_active0_20260716.md,intermediate_results,999,동상
_archive/intermediate_results/evaluation/calibration/component_canary_pstack_guarded_ladder_20260715.json,evaluation/calibration/component_canary_pstack_guarded_ladder_20260715.json,intermediate_results,3240,8seg 시대 component canary 산출물. 참조 0건
_archive/intermediate_results/evaluation/calibration/component_canary_pstack_guarded_ladder_20260715.md,evaluation/calibration/component_canary_pstack_guarded_ladder_20260715.md,intermediate_results,966,동상
_archive/intermediate_results/evaluation/calibration/component_canary_pstack_guarded_ladder_active0_20260715.json,evaluation/calibration/component_canary_pstack_guarded_ladder_active0_20260715.json,intermediate_results,3231,동상
_archive/intermediate_results/evaluation/calibration/component_canary_pstack_guarded_ladder_active0_20260715.md,evaluation/calibration/component_canary_pstack_guarded_ladder_active0_20260715.md,intermediate_results,969,동상
_archive/intermediate_results/evaluation/calibration/component_canary_pstack_guarded_terminal_ladder_active0_20260715.json,evaluation/calibration/component_canary_pstack_guarded_terminal_ladder_active0_20260715.json,intermediate_results,3257,동상
_archive/intermediate_results/evaluation/calibration/component_canary_pstack_guarded_terminal_ladder_active0_20260715.md,evaluation/calibration/component_canary_pstack_guarded_terminal_ladder_active0_20260715.md,intermediate_results,993,동상
_archive/intermediate_results/evaluation/calibration/component_canary_pstack_mfd277_combined_no_pfoinc_smoke_20260715.json,evaluation/calibration/component_canary_pstack_mfd277_combined_no_pfoinc_smoke_20260715.json,intermediate_results,1113,동상
_archive/intermediate_results/evaluation/calibration/component_canary_pstack_mfd277_combined_no_pfoinc_smoke_20260715.md,evaluation/calibration/component_canary_pstack_mfd277_combined_no_pfoinc_smoke_20260715.md,intermediate_results,701,동상
_archive/intermediate_results/evaluation/calibration/component_canary_pstack_mfd277_combined_smoke_20260715.json,evaluation/calibration/component_canary_pstack_mfd277_combined_smoke_20260715.json,intermediate_results,1133,동상
_archive/intermediate_results/evaluation/calibration/component_canary_pstack_mfd277_combined_smoke_20260715.md,evaluation/calibration/component_canary_pstack_mfd277_combined_smoke_20260715.md,intermediate_results,681,동상
_archive/intermediate_results/evaluation/calibration/component_canary_pstack_mfd277_smoke_20260715.json,evaluation/calibration/component_canary_pstack_mfd277_smoke_20260715.json,intermediate_results,1093,동상
_archive/intermediate_results/evaluation/calibration/component_canary_pstack_mfd277_smoke_20260715.md,evaluation/calibration/component_canary_pstack_mfd277_smoke_20260715.md,intermediate_results,663,동상
_archive/intermediate_results/evaluation/calibration/fd_sample_summary_smoke.json,evaluation/calibration/fd_sample_summary_smoke.json,intermediate_results,1004,2026-06 smoke 산출물. 참조 0건
_archive/intermediate_results/evaluation/calibration/fd_samples_smoke.csv,evaluation/calibration/fd_samples_smoke.csv,intermediate_results,2554,동상
_archive/old_docs/evaluation/calibration/getall_free_logging_notes_2026-06-26.md,evaluation/calibration/getall_free_logging_notes_2026-06-26.md,old_docs,1714,참조 0건
_archive/old_docs/evaluation/calibration/mpc_vissim_calibration_plan.md,evaluation/calibration/mpc_vissim_calibration_plan.md,old_docs,7138,참조 0건
_archive/old_docs/evaluation/calibration/observation_v2_storage_split_report_20260628.md,evaluation/calibration/observation_v2_storage_split_report_20260628.md,old_docs,3713,참조 0건
_archive/intermediate_results/evaluation/calibration/prediction_audit_bayes_update_8seg_pfo_green_frozen_smoke_20260715.json,evaluation/calibration/prediction_audit_bayes_update_8seg_pfo_green_frozen_smoke_20260715.json,intermediate_results,2569,참조 0건(짝인 .md 만 8seg ps1 의 출력 경로로 등장 → 그쪽은 REVIEW)
_archive/intermediate_results/evaluation/calibration/prediction_audit_bayes_update_pilot_20260629.json,evaluation/calibration/prediction_audit_bayes_update_pilot_20260629.json,intermediate_results,1571,참조 0건
_archive/intermediate_results/evaluation/calibration/prediction_audit_bayes_update_pilot_20260629.md,evaluation/calibration/prediction_audit_bayes_update_pilot_20260629.md,intermediate_results,799,참조 0건
_archive/old_docs/evaluation/calibration/prediction_error_calibration_notes_20260628.md,evaluation/calibration/prediction_error_calibration_notes_20260628.md,old_docs,4230,참조 0건
_archive/old_docs/evaluation/calibration/prediction_error_improvement_report_20260629.md,evaluation/calibration/prediction_error_improvement_report_20260629.md,old_docs,10871,참조 0건
_archive/intermediate_results/evaluation/calibration/prediction_holdout_v2_profiled_components_20260629.csv,evaluation/calibration/prediction_holdout_v2_profiled_components_20260629.csv,intermediate_results,37342,참조 0건
_archive/old_docs/evaluation/calibration/prediction_holdout_v2_profiled_components_20260629.md,evaluation/calibration/prediction_holdout_v2_profiled_components_20260629.md,old_docs,12293,옛 리포트끼리만 링크
_archive/old_docs/evaluation/calibration/subagent_vissim_capacity_crosscheck_20260628.md,evaluation/calibration/subagent_vissim_capacity_crosscheck_20260628.md,old_docs,4672,다른 옛 md 1건만 링크
_archive/intermediate_results/evaluation/calibration/vissim_calibration_fit_vector_smoke.json,evaluation/calibration/vissim_calibration_fit_vector_smoke.json,intermediate_results,1628,참조 0건
_archive/old_docs/evaluation/calibration/vissim_full_spec_audit_20260628.md,evaluation/calibration/vissim_full_spec_audit_20260628.md,old_docs,6705,참조 0건
_archive/old_configs/evaluation/calibration/vissim_network_calibration_v2_onramp_route_20260630.json,evaluation/calibration/vissim_network_calibration_v2_onramp_route_20260630.json,old_configs,23183,참조 0건. 어댑터 기본값은 v2_8seg_20260714 쪽
_archive/old_docs/evaluation/calibration/vissim_network_calibration_v2_report_20260628.md,evaluation/calibration/vissim_network_calibration_v2_report_20260628.md,old_docs,6323,참조 0건
_archive/old_docs/evaluation/calibration/vissim_physical_spec_crosscheck_20260628.md,evaluation/calibration/vissim_physical_spec_crosscheck_20260628.md,old_docs,4343,참조 0건
_archive/intermediate_results/evaluation/calibration/vissim_signal_green_fit_8seg_20260715.json,evaluation/calibration/vissim_signal_green_fit_8seg_20260715.json,intermediate_results,7970,참조 0건
_archive/intermediate_results/evaluation/calibration/vissim_signal_green_fit_rerun_20260628.json,evaluation/calibration/vissim_signal_green_fit_rerun_20260628.json,intermediate_results,7968,참조 0건
_archive/intermediate_results/evaluation/calibration/vissim_signal_green_fit_smoke_8seg_20260715.json,evaluation/calibration/vissim_signal_green_fit_smoke_8seg_20260715.json,intermediate_results,590,참조 0건
_archive/intermediate_results/evaluation/calibration/vissim_signal_green_fit_smoke_8seg_watchdog_20260715.json,evaluation/calibration/vissim_signal_green_fit_smoke_8seg_watchdog_20260715.json,intermediate_results,6723,참조 0건
_archive/intermediate_results/evaluation/calibration/vissim_signal_service_curve_fit_8seg_20260715.json,evaluation/calibration/vissim_signal_service_curve_fit_8seg_20260715.json,intermediate_results,129697,참조 0건
_archive/intermediate_results/evaluation/calibration/vissim_signal_service_curve_fit_8seg_20260715.md,evaluation/calibration/vissim_signal_service_curve_fit_8seg_20260715.md,intermediate_results,2909,참조 0건
_archive/intermediate_results/evaluation/calibration/vissim_terminal_cost_mass_fit_20260715.json,evaluation/calibration/vissim_terminal_cost_mass_fit_20260715.json,intermediate_results,4027,참조 0건(어댑터가 쓰는 것은 vissim_terminal_cost_fit_20260715.json 쪽)
_archive/intermediate_results/evaluation/calibration/vissim_terminal_cost_mass_fit_20260715.md,evaluation/calibration/vissim_terminal_cost_mass_fit_20260715.md,intermediate_results,1500,동상
_archive/experiments/evaluation/configs/demand_profiles/real_world_freeway_stress_midurban_20260725.csv,evaluation/configs/demand_profiles/real_world_freeway_stress_midurban_20260725.csv,experiments,119,ps1 3개가 프로파일 이름을 명시적으로 나열하는데 이 파일만 어디에도 없다
_archive/experiments/evaluation/configs/demand_profiles/real_world_fwup_fw185_20260804.csv,evaluation/configs/demand_profiles/real_world_fwup_fw185_20260804.csv,experiments,119,참조 0건
_archive/experiments/evaluation/configs/demand_profiles/real_world_fwup_fw200_20260804.csv,evaluation/configs/demand_profiles/real_world_fwup_fw200_20260804.csv,experiments,119,참조 0건
_archive/experiments/evaluation/configs/demand_profiles/real_world_rampsat_p1_20260804.csv,evaluation/configs/demand_profiles/real_world_rampsat_p1_20260804.csv,experiments,119,참조 0건
_archive/experiments/evaluation/configs/demand_profiles/real_world_rampsat_p2_20260804.csv,evaluation/configs/demand_profiles/real_world_rampsat_p2_20260804.csv,experiments,119,참조 0건
_archive/experiments/evaluation/configs/demand_profiles/real_world_rampsat_p3_20260804.csv,evaluation/configs/demand_profiles/real_world_rampsat_p3_20260804.csv,experiments,119,참조 0건
_archive/experiments/evaluation/configs/g6_scoring/g6_score_v3_ant.json,evaluation/configs/g6_scoring/g6_score_v3_ant.json,experiments,761,harness/g6/run_g6_matrix.py 는 fdA_cd·fdC·fdC_cd 만 참조. v3_* 는 참조 0건
_archive/experiments/evaluation/configs/g6_scoring/g6_score_v3_cd06.json,evaluation/configs/g6_scoring/g6_score_v3_cd06.json,experiments,762,동상
_archive/experiments/evaluation/configs/g6_scoring/g6_score_v3_cd06ant.json,evaluation/configs/g6_scoring/g6_score_v3_cd06ant.json,experiments,765,동상
_archive/experiments/evaluation/configs/g6_scoring/g6_score_v3_cd08.json,evaluation/configs/g6_scoring/g6_score_v3_cd08.json,experiments,762,동상
_archive/experiments/evaluation/configs/pfo_h3_i3_prediction_speed110_candidate.json,evaluation/configs/pfo_h3_i3_prediction_speed110_candidate.json,experiments,790,2026-06-29 리포트 md 언급뿐
_archive/experiments/evaluation/configs/real_world_modi_pstack_crossgate_high_budget_nofallback_probe_20260723.json,evaluation/configs/real_world_modi_pstack_crossgate_high_budget_nofallback_probe_20260723.json,experiments,710,"체인 잎(자식 없음), 참조 0건. 부모 crossgate_high_budget 은 ACTIVE 로 남는다"
_archive/experiments/evaluation/configs/real_world_modi_pstack_distributed_core15n41legfix_parprocess_20260813.json,evaluation/configs/real_world_modi_pstack_distributed_core15n41legfix_parprocess_20260813.json,experiments,440,병렬화 A/B 잎. 참조 0건
_archive/experiments/evaluation/configs/real_world_modi_pstack_distributed_core15n41legfix_parthread_20260813.json,evaluation/configs/real_world_modi_pstack_distributed_core15n41legfix_parthread_20260813.json,experiments,537,동상
_archive/experiments/evaluation/configs/real_world_modi_pstack_v5_pricefar_20260804.json,evaluation/configs/real_world_modi_pstack_v5_pricefar_20260804.json,experiments,3329,"잎, 참조 0건"
_archive/experiments/evaluation/configs/real_world_modi_pstack_vsl_rollout_bnmask_20260725.json,evaluation/configs/real_world_modi_pstack_vsl_rollout_bnmask_20260725.json,experiments,1009,vsl rollout 의 버려진 가지. 잎이고 참조 0건
_archive/experiments/evaluation/configs/replay_cand_tr_cap1800.json,evaluation/configs/replay_cand_tr_cap1800.json,experiments,1558,replay_discharge_hypothesis.py 는 --candidates 를 CLI 로만 받는다(하드코딩 없음)
_archive/experiments/evaluation/configs/replay_cand_tr_cap2700.json,evaluation/configs/replay_cand_tr_cap2700.json,experiments,1596,동상
_archive/experiments/evaluation/configs/replay_cand_tr_cap3600.json,evaluation/configs/replay_cand_tr_cap3600.json,experiments,1596,동상
_archive/experiments/evaluation/configs/replay_cand_tr_v2_cap1800.json,evaluation/configs/replay_cand_tr_v2_cap1800.json,experiments,2658,동상
_archive/experiments/evaluation/configs/replay_cand_uniform_cap1800.json,evaluation/configs/replay_cand_uniform_cap1800.json,experiments,2,동상
_archive/old_configs/evaluation/configs/tuning_horizon3.json,evaluation/configs/tuning_horizon3.json,old_configs,79,참조 0건
_archive/old_configs/evaluation/configs/tuning_turning_ratios_route_manifest_20260715.json,evaluation/configs/tuning_turning_ratios_route_manifest_20260715.json,old_configs,1841,v1 회전비 매니페스트. 참조 0건이고 extends 자식도 없다
_archive/old_configs/evaluation/configs/tuning_turning_ratios_route_manifest_v2_mfd277_20260715.json,evaluation/configs/tuning_turning_ratios_route_manifest_v2_mfd277_20260715.json,old_configs,850,8seg 시대 튜닝 사슬. 자식이 전부 후보라 사슬째 격리 가능. 부모 v2_20260715 는 남긴다
_archive/old_configs/evaluation/configs/tuning_turning_ratios_route_manifest_v2_mfd277_combined_20260715.json,evaluation/configs/tuning_turning_ratios_route_manifest_v2_mfd277_combined_20260715.json,old_configs,771,같은 사슬. 코드·스크립트 참조 0건
_archive/old_configs/evaluation/configs/tuning_turning_ratios_route_manifest_v2_mfd277_combined_guarded_terminal_20260715.json,evaluation/configs/tuning_turning_ratios_route_manifest_v2_mfd277_combined_guarded_terminal_20260715.json,old_configs,1780,같은 사슬
_archive/old_configs/evaluation/configs/tuning_turning_ratios_route_manifest_v2_mfd277_combined_no_pfoinc_20260715.json,evaluation/configs/tuning_turning_ratios_route_manifest_v2_mfd277_combined_no_pfoinc_20260715.json,old_configs,769,같은 사슬. 참조 0건
_archive/old_configs/evaluation/configs/tuning_turning_ratios_route_manifest_v2_mfd277_decision_calibrated_20260716.json,evaluation/configs/tuning_turning_ratios_route_manifest_v2_mfd277_decision_calibrated_20260716.json,old_configs,1805,같은 사슬
_archive/old_configs/evaluation/configs/tuning_turning_ratios_route_manifest_v2_mfd277_decision_calibrated_balanced_20260716.json,evaluation/configs/tuning_turning_ratios_route_manifest_v2_mfd277_decision_calibrated_balanced_20260716.json,old_configs,1492,같은 사슬
_archive/old_configs/evaluation/configs/tuning_turning_ratios_route_manifest_v2_mfd277_decision_calibrated_balanced_postguard_20260716.json,evaluation/configs/tuning_turning_ratios_route_manifest_v2_mfd277_decision_calibrated_balanced_postguard_20260716.json,old_configs,1746,같은 사슬
_archive/old_configs/evaluation/configs/tuning_turning_ratios_route_manifest_v2_mfd277_prediction_response_calibrated_20260716.json,evaluation/configs/tuning_turning_ratios_route_manifest_v2_mfd277_prediction_response_calibrated_20260716.json,old_configs,1601,같은 사슬
_archive/old_configs/evaluation/configs/tuning_turning_ratios_route_manifest_v2_mfd277_pstack_safe_component_guard_20260718.json,evaluation/configs/tuning_turning_ratios_route_manifest_v2_mfd277_pstack_safe_component_guard_20260718.json,old_configs,3538,사슬의 잎. 참조 0건
_archive/old_docs/evaluation/controller_install/stackelberg_vissim_adapter_report.md,evaluation/controller_install/stackelberg_vissim_adapter_report.md,old_docs,6847,참조 0건
_archive/old_docs/evaluation/detector_install/detector_install_report.md,evaluation/detector_install/detector_install_report.md,old_docs,4118,참조 0건
_archive/old_docs/evaluation/environment_review_report.md,evaluation/environment_review_report.md,old_docs,4001,"참조 0건, 2026-06 환경 점검 보고서"
_archive/old_configs/evaluation/eval_control_inventory,evaluation/eval_control_inventory,old_configs,4096,폴더명이 코드·ps1·vbs 어디에도 없다(5파일). inventory_vissim_inpx.py 는 --out-dir 인자로만 쓴다
_archive/old_configs/evaluation/eval_routed_inventory,evaluation/eval_routed_inventory,old_configs,4096,동상(5파일)
_archive/old_configs/evaluation/eval_signalized_inventory,evaluation/eval_signalized_inventory,old_configs,4096,동상(5파일)
_archive/old_docs/evaluation/four_step_eval_status_20260628.md,evaluation/four_step_eval_status_20260628.md,old_docs,6493,참조 0건
_archive/old_configs/evaluation/real_world_modi_inventory/urban_exit_gate_map_n4dr150_20260813.csv,evaluation/real_world_modi_inventory/urban_exit_gate_map_n4dr150_20260813.csv,old_configs,17577,참조 0건. derive_urban_exit_gate_map.py 는 --out 을 CLI 로 받는다
_archive/old_configs/evaluation/real_world_modi_inventory/urban_follower_sc_map_24_20260813.csv,evaluation/real_world_modi_inventory/urban_follower_sc_map_24_20260813.csv,old_configs,354,참조 0건(생성기 기본값은 urban_follower_sc_map.csv)
_archive/old_configs/evaluation/real_world_modi_inventory/urban_follower_sc_map_26_20260813.csv,evaluation/real_world_modi_inventory/urban_follower_sc_map_26_20260813.csv,old_configs,1235,동상
_archive/old_docs/evaluation/route_install/route_install_report.md,evaluation/route_install/route_install_report.md,old_docs,2706,참조 0건
_archive/old_docs/evaluation/signal_install/signal_install_report.md,evaluation/signal_install/signal_install_report.md,old_docs,3477,참조 0건
_archive/intermediate_results/outputs/canonical_topology_evaluserfix_20260814b.json,outputs/canonical_topology_evaluserfix_20260814b.json,intermediate_results,24213292,24.21 MB. 저장소 전체(코드·설정·테스트·docs·evaluation/runs·outputs 내부) 검색 결과 참조 0건. .gitignore:50 로 이미 미추적이고 scripts/build_canonical_topology.py 로 재생성된다
_archive/intermediate_results/outputs/canonical_topology_evaluserfix_20260814c.json,outputs/canonical_topology_evaluserfix_20260814c.json,intermediate_results,24208158,24.21 MB. 참조 0건. 위와 동일(같은 날 b/c/d 로 세 번 재생성된 중간본)
_archive/intermediate_results/outputs/canonical_topology_evaluserfix_20260814d.json,outputs/canonical_topology_evaluserfix_20260814d.json,intermediate_results,24203098,"24.20 MB. 참조 0건. 대응 망 modi_eval_userfix_20260814d.inpx 는 권역 정본이 pin 하지만, 정본은 .inpx 자체를 해시할 뿐 이 canonical_topology 를 쓰지 않는다(urban_player_territory_v1_20260819.json 의 sources 확인)"
_archive/intermediate_results/outputs/canonical_topology_userfix_20260814.json,outputs/canonical_topology_userfix_20260814.json,intermediate_results,23828058,23.83 MB. 참조 0건. userfix_20260814e 세대가 아니라 접미사 없는 첫 판이다 — 보호 대상(userfix_20260814e)과 다른 파일
_archive/experiments/outputs/cd_link_state_20260804.json,outputs/cd_link_state_20260804.json,experiments,2617,"cd 계열 진단 산출, 참조 0건"
_archive/intermediate_results/outputs/development_noise_v3_pilot_20260815.json,outputs/development_noise_v3_pilot_20260815.json,intermediate_results,2940,파일럿 잡음 측정. run_readiness.py 가 요구하는 이름은 outputs/development_noise_v3.json(아직 없음)이지 _pilot_ 이 아니다. 참조 0건
_archive/experiments/outputs/dual_ring_signal_programs_n4_20260812.json,outputs/dual_ring_signal_programs_n4_20260812.json,experiments,90724,"n4dr150 듀얼링 신호안 실험, 참조 0건"
_archive/experiments/outputs/dual_ring_signal_programs_n4_20260812.md,outputs/dual_ring_signal_programs_n4_20260812.md,experiments,13285,"위 실험 리포트, 참조 0건"
_archive/experiments/outputs/forced_response_network_fw100_20260802.json,outputs/forced_response_network_fw100_20260802.json,experiments,1404,"강제응답 격자 산출, 참조 0건"
_archive/experiments/outputs/forced_response_network_fw125_20260802.json,outputs/forced_response_network_fw125_20260802.json,experiments,1410,"강제응답 격자 산출, 참조 0건"
_archive/experiments/outputs/gates_20260802,outputs/gates_20260802,experiments,4096,디렉터리 11파일 0.67 MB. G5/G6 채점 산출. 코드 참조 0건이고 audit_plant_fidelity.py:3413 이 리포트에 'Historical outputs/gates_* measurements are not treated as current evidence' 를 명시한다
_archive/experiments/outputs/gates_cd_ant_20260803,outputs/gates_cd_ant_20260803,experiments,4096,"디렉터리 10파일 0.24 MB. cd 계열 G5/G6 채점 스냅샷, 코드 참조 0건"
_archive/experiments/outputs/gates_cd_base_20260803,outputs/gates_cd_base_20260803,experiments,4096,디렉터리 10파일 0.24 MB. 코드 참조 0건
_archive/experiments/outputs/gates_cd_cd06_20260803,outputs/gates_cd_cd06_20260803,experiments,4096,디렉터리 10파일 0.24 MB. 코드 참조 0건
_archive/experiments/outputs/gates_cd_cd06ant_20260803,outputs/gates_cd_cd06ant_20260803,experiments,4096,디렉터리 10파일 0.24 MB. 코드 참조 0건
_archive/experiments/outputs/gates_cd_cd08_20260803,outputs/gates_cd_cd08_20260803,experiments,4096,디렉터리 10파일 0.24 MB. 코드 참조 0건
_archive/experiments/outputs/gates_v6_tttfar_rampdemand_20260804,outputs/gates_v6_tttfar_rampdemand_20260804,experiments,4096,디렉터리 10파일 0.40 MB. 코드 참조 0건
_archive/experiments/outputs/gates_v7_obsfix_20260804,outputs/gates_v7_obsfix_20260804,experiments,4096,디렉터리 10파일 0.40 MB. 코드 참조 0건
_archive/experiments/outputs/gates_v7_spillfix_20260805,outputs/gates_v7_spillfix_20260805,experiments,4096,디렉터리 10파일 0.41 MB. 코드 참조 0건
_archive/experiments/outputs/gates_v7_urban36_20260805,outputs/gates_v7_urban36_20260805,experiments,4096,디렉터리 10파일 0.41 MB. 코드 참조 0건
_archive/misc/outputs/hypothetical_network.png,outputs/hypothetical_network.png,misc,2059005,2.06 MB. 개포동 실도로망 도입 이전 가상 8-seg 격자 그림. 참조 0건
_archive/misc/outputs/hypothetical_network_reference_trumpet.png,outputs/hypothetical_network_reference_trumpet.png,misc,84427,"가상망 트럼펫 IC 그림, 참조 0건"
_archive/misc/outputs/hypothetical_network_trumpet.png,outputs/hypothetical_network_trumpet.png,misc,83797,"가상망 트럼펫 IC 그림, 참조 0건"
_archive/misc/outputs/hypothetical_trumpet_D.png,outputs/hypothetical_trumpet_D.png,misc,104630,"가상망 그림, 참조 0건"
_archive/misc/outputs/hypothetical_trumpet_F.png,outputs/hypothetical_trumpet_F.png,misc,109151,"가상망 그림, 참조 0건"
_archive/experiments/outputs/inpx_signal_program_rewire_n4dr150_20260812.json,outputs/inpx_signal_program_rewire_n4dr150_20260812.json,experiments,4736,참조 0건
_archive/experiments/outputs/intersection_adjacency_n4dr150_geo30_thru_20260813.json,outputs/intersection_adjacency_n4dr150_geo30_thru_20260813.json,experiments,9775,n4dr150 인접표 변형 실험. 참조 0건(baseline/geo30 두 개만 build_topology_inspector.py 기본값이고 이건 아니다)
_archive/experiments/outputs/intersection_adjacency_n4dr150_player24_20260813.json,outputs/intersection_adjacency_n4dr150_player24_20260813.json,experiments,16411,"n4dr150 24-player 변형, 참조 0건"
_archive/experiments/outputs/intersection_adjacency_n4dr150_player24_barrier3_20260813.json,outputs/intersection_adjacency_n4dr150_player24_barrier3_20260813.json,experiments,14593,"n4dr150 24-player barrier3 변형, 참조 0건"
_archive/experiments/outputs/intersection_adjacency_n4dr150_player_20260813.json,outputs/intersection_adjacency_n4dr150_player_20260813.json,experiments,18045,"n4dr150 player 변형 실험, 참조 0건"
_archive/experiments/outputs/intersection_adjacency_n4dr150_player_span0_20260813.json,outputs/intersection_adjacency_n4dr150_player_span0_20260813.json,experiments,18070,"n4dr150 span 스윕, 참조 0건"
_archive/experiments/outputs/intersection_adjacency_n4dr150_player_span1_20260813.json,outputs/intersection_adjacency_n4dr150_player_span1_20260813.json,experiments,14052,"n4dr150 span 스윕, 참조 0건"
_archive/experiments/outputs/intersection_adjacency_n4dr150_player_span2_20260813.json,outputs/intersection_adjacency_n4dr150_player_span2_20260813.json,experiments,15144,"n4dr150 span 스윕, 참조 0건"
_archive/intermediate_results/outputs/link_player_assignment_20260814d.json,outputs/link_player_assignment_20260814d.json,intermediate_results,259896,0.26 MB. evaluserfix_20260814d 중간 산출. 참조 0건(현행은 pedfold 판)
_archive/intermediate_results/outputs/link_player_assignment_tie_proposal_20260813.csv,outputs/link_player_assignment_tie_proposal_20260813.csv,intermediate_results,3610,"동률 해소 제안 중간본, 참조 0건"
_archive/intermediate_results/outputs/link_storage_override_20260814.json,outputs/link_storage_override_20260814.json,intermediate_results,5336,참조 0건
_archive/intermediate_results/outputs/merge_base_to_eval_20260814.csv,outputs/merge_base_to_eval_20260814.csv,intermediate_results,6098,참조 0건
_archive/intermediate_results/outputs/movement_beta_from_routes_20260816.json,outputs/movement_beta_from_routes_20260816.json,intermediate_results,8888,"derive_movement_beta_from_routes.py 산출물, 재사용 참조 0건"
_archive/experiments/outputs/movement_exit_signal_pedovr_20260814.json,outputs/movement_exit_signal_pedovr_20260814.json,experiments,58422,"pedovr 슬러그, 참조 0건. pedovr* 글롭 금지"
_archive/experiments/outputs/movement_signal_group_map_n4p4_20260812.json,outputs/movement_signal_group_map_n4p4_20260812.json,experiments,73184,"n4p4 변형, 참조는 outputs 내부뿐(legfix/v3 판만 테스트가 읽는다)"
_archive/experiments/outputs/movement_signal_group_map_pedovr_20260814.json,outputs/movement_signal_group_map_pedovr_20260814.json,experiments,59529,pedovr(=x 없는 판) 슬러그. 참조는 outputs 내부뿐. 주의: 보호 대상은 pedovrX 이므로 pedovr* 글롭으로 옮기면 안 된다
_archive/intermediate_results/outputs/observed_turn_ratios_20260816.json,outputs/observed_turn_ratios_20260816.json,intermediate_results,723,measure_observed_turn_ratios.py 의 산출물이고 어디서도 다시 읽지 않는다. 참조 0건
_archive/intermediate_results/outputs/parent_run_spec_v3_20260814.json,outputs/parent_run_spec_v3_20260814.json,intermediate_results,3265,참조 0건. run_readiness.py 가 봉인 확인하는 것은 parent_runs_v3.json 이지 이 파일이 아니다
_archive/old_docs/outputs/pstack_flagship_rewrite_20260731,outputs/pstack_flagship_rewrite_20260731,old_docs,4096,디렉터리 작업 메모 폴더 28 KB. 참조 0건
_archive/experiments/outputs/ramp_flow_rampdemand_v1_20260804.json,outputs/ramp_flow_rampdemand_v1_20260804.json,experiments,18174,램프 유량 측정 변형. verify_ramp_arrival_calibration.py 의 --observed-json 는 글롭 예시일 뿐이고 config 가 실제로 지목하는 건 ramp_flow_v6_anchor_20260804.json 하나다
_archive/experiments/outputs/ramp_flow_rampsat_p1_urban190_20260804.json,outputs/ramp_flow_rampsat_p1_urban190_20260804.json,experiments,18153,"램프 포화 스윕 p1, 참조 0건"
_archive/experiments/outputs/ramp_flow_rampsat_p2_urban230_20260804.json,outputs/ramp_flow_rampsat_p2_urban230_20260804.json,experiments,18181,"램프 포화 스윕 p2, 참조 0건"
_archive/experiments/outputs/ramp_flow_rampsat_p3_urban270_20260804.json,outputs/ramp_flow_rampsat_p3_urban270_20260804.json,experiments,18203,"램프 포화 스윕 p3, 참조 0건"
_archive/experiments/outputs/real_world_modi_60s_smoke_summary_20260718.json,outputs/real_world_modi_60s_smoke_summary_20260718.json,experiments,424,"60초 스모크 요약, 참조 0건"
_archive/experiments/outputs/real_world_peakhold4500_recovery_demand_20260729.json,outputs/real_world_peakhold4500_recovery_demand_20260729.json,experiments,3111,참조 0건(create_real_world_peak_plateau_network.py 가 기본값으로 쓰는 것은 real_world_peakplateau_demand_20260729.* 쪽)
_archive/experiments/outputs/real_world_predcal_4500_ttt_summary_20260724.json,outputs/real_world_predcal_4500_ttt_summary_20260724.json,experiments,1833,참조 0건
_archive/experiments/outputs/real_world_prediction_counterfactual_predcal_20260724,outputs/real_world_prediction_counterfactual_predcal_20260724,experiments,4096,"디렉터리 4파일 0.29 MB. predcal 반사실 예측오차 산출, 참조 0건"
_archive/misc/outputs/reference_trumpet_D.png,outputs/reference_trumpet_D.png,misc,99635,"가상망 대조 그림, 참조 0건"
_archive/misc/outputs/reference_trumpet_F.png,outputs/reference_trumpet_F.png,misc,102820,"가상망 대조 그림, 참조 0건"
_archive/intermediate_results/outputs/rollout_conserved_unit_20260815.json,outputs/rollout_conserved_unit_20260815.json,intermediate_results,1100,참조 0건
_archive/intermediate_results/outputs/rtor_case_na_eval50_20260814d.csv,outputs/rtor_case_na_eval50_20260814d.csv,intermediate_results,9065,참조 0건
_archive/intermediate_results/outputs/run_readiness_v3.json,outputs/run_readiness_v3.json,intermediate_results,4375,run_readiness.py 의 산출 스냅샷(2026-08-13). 아무도 다시 읽지 않고 스크립트를 다시 돌리면 재생성된다
_archive/experiments/outputs/signal_group_actuation_plan_n4p4_20260812.json,outputs/signal_group_actuation_plan_n4p4_20260812.json,experiments,55254,"n4p4 변형, 참조 0건"
_archive/experiments/outputs/signal_group_actuation_plan_pedovr_20260814.json,outputs/signal_group_actuation_plan_pedovr_20260814.json,experiments,52378,"pedovr(=x 없는 판) 슬러그, 참조 0건. pedovr* 글롭 금지"
_archive/intermediate_results/outputs/signal_timing_oracle_n1_anchor2_20260807.json,outputs/signal_timing_oracle_n1_anchor2_20260807.json,intermediate_results,4301,verify_signal_timing_oracle.py 는 --out outputs/signal_timing_oracle_<run>.json 로 새로 쓸 뿐 이 파일을 읽지 않는다. 참조 0건
_archive/intermediate_results/outputs/signal_timing_oracle_planonly_57_63.json,outputs/signal_timing_oracle_planonly_57_63.json,intermediate_results,4403,"위와 동일, 참조 0건"
_archive/intermediate_results/outputs/tie_evidence_evaluserfix_20260814d.json,outputs/tie_evidence_evaluserfix_20260814d.json,intermediate_results,11583,"evaluserfix_20260814d 세대 동률 증거, 참조 0건"
_archive/intermediate_results/outputs/tie_evidence_resolved_20260814.json,outputs/tie_evidence_resolved_20260814.json,intermediate_results,12304,참조 0건
_archive/intermediate_results/outputs/tie_verdicts_20260814.csv,outputs/tie_verdicts_20260814.csv,intermediate_results,2990,참조 0건
_archive/intermediate_results/outputs/tie_verdicts_20260814.json,outputs/tie_verdicts_20260814.json,intermediate_results,10322,참조 0건
_archive/intermediate_results/outputs/urban_storage_capacity_20260814d.json,outputs/urban_storage_capacity_20260814d.json,intermediate_results,10142,"참조 0건. 현행 저류는 jam168_20260815, 러너 provenance 는 20260805, pedovrx 토폴로지 입력은 ovr_20260814 — 이 판만 어디에도 안 쓰인다"
_archive/misc/outputs/user_modified_after_edit_full.png,outputs/user_modified_after_edit_full.png,misc,79512,"망 편집 전후 스크린샷, 참조 0건"
_archive/misc/outputs/user_modified_trumpet_D.png,outputs/user_modified_trumpet_D.png,misc,89014,"망 편집 전후 스크린샷, 참조 0건"
_archive/misc/outputs/user_modified_trumpet_F.png,outputs/user_modified_trumpet_F.png,misc,82938,"망 편집 전후 스크린샷, 참조 0건"
_archive/experiments/outputs/warmstart_ab_d075_20260815.json,outputs/warmstart_ab_d075_20260815.json,experiments,1851,참조 0건
_archive/experiments/outputs/warmstart_ab_d125_20260815.json,outputs/warmstart_ab_d125_20260815.json,experiments,1852,참조 0건
_archive/intermediate_results/plant/outputs/canonical_topology_up10701_20260814.json,plant/outputs/canonical_topology_up10701_20260814.json,intermediate_results,24235347,"이 영역에서 유일하게 확실한 후보. 24,235,347 바이트. 저장소 전체에서 살아있는 참조 0건(코드·config·ps1·vbs·테스트 어디에도 없음; outputs/_superseded_20260819/README.md 가 언급하는 것은 outputs/ 밑의 동명 파일이지 plant/outputs/ 가 아니다). git 미추적이며 .gitignore:`plant/outputs/canonical_topology_*.json` 로 무시된다. plant/outputs/ 를 읽거나 쓰는 코드는 하나도 없다 — scripts/build"
_archive/intermediate_results/review-a1-fix1.diff,review-a1-fix1.diff,intermediate_results,103920,A1 fix1 회차 패치 스냅샷. .superpowers/sdd/IMPLEMENTATION_PLAN/task-a1-rereview-fix1.md 외에 참조 0건.
_archive/intermediate_results/review-a1-fix2.diff,review-a1-fix2.diff,intermediate_results,125586,A1 fix2 회차 패치 스냅샷. .superpowers/sdd/IMPLEMENTATION_PLAN/task-a1-rereview-fix2.md 외에 참조 0건.
_archive/intermediate_results/review-a1-fix3.diff,review-a1-fix3.diff,intermediate_results,130900,A1 fix3 회차 패치 스냅샷. .superpowers/sdd/IMPLEMENTATION_PLAN/task-a1-rereview-fix3.md 외에 참조 0건.
_archive/intermediate_results/review-a2-fix1.diff,review-a2-fix1.diff,intermediate_results,96783,A2 fix1 회차 패치 스냅샷. .superpowers/sdd/IMPLEMENTATION_PLAN/task-a2-rereview-fix1.md · fix2.md 외에 참조 0건.
_archive/intermediate_results/review-b1a-adapter-projection-reference-slice.diff,review-b1a-adapter-projection-reference-slice.diff,intermediate_results,397765,B1a 어댑터 투영 슬라이스 리뷰 패키지. .superpowers/sdd 리뷰 보고서 외 참조 0건.
_archive/intermediate_results/review-b1a-core-fix1-current.diff,review-b1a-core-fix1-current.diff,intermediate_results,230711,B1a core fix1 전체 스냅샷. .superpowers/sdd 리뷰 보고서 외 참조 0건.
_archive/intermediate_results/review-b1a-core-fix2-current.diff,review-b1a-core-fix2-current.diff,intermediate_results,250542,B1a core fix2 전체 스냅샷. .superpowers/sdd 리뷰 보고서 외 참조 0건.
_archive/intermediate_results/review-b1a-run-manifest-slice-fix1-current.diff,review-b1a-run-manifest-slice-fix1-current.diff,intermediate_results,572363,"B1a run-manifest fix1 전체 스냅샷(572 KB, 최상위 최대 파일). task-b1a-run-manifest-slice-fix1-rereview.md 외 참조 0건."
_archive/intermediate_results/review-b1a-run-manifest-slice-fix2-current.diff,review-b1a-run-manifest-slice-fix2-current.diff,intermediate_results,176423,B1a run-manifest fix2 스냅샷. task-b1a-run-manifest-slice-fix2-rereview.md 외 참조 0건.
_archive/intermediate_results/review-b1a-run-manifest-slice-fix3-current.diff,review-b1a-run-manifest-slice-fix3-current.diff,intermediate_results,212642,B1a run-manifest fix3 스냅샷. task-b1a-run-manifest-slice-fix3-rereview.md 외 참조 0건.
_archive/intermediate_results/review-b1a-vbs-fix1-current.diff,review-b1a-vbs-fix1-current.diff,intermediate_results,72490,B1a VBS fix1 스냅샷. task-b1a-vbs-fix1-rereview.md 외 참조 0건(그 보고서가 '누락' 으로 반려한 판본이고 fix2 에서 닫혔다).
_archive/intermediate_results/review-b1a-vbs-fix2-current.diff,review-b1a-vbs-fix2-current.diff,intermediate_results,93393,B1a VBS fix2 스냅샷. task-b1a-vbs-fix2-rereview.md 외 참조 0건.
_archive/intermediate_results/review-s1-fix1.diff,review-s1-fix1.diff,intermediate_results,99532,S1 fix1 패치 스냅샷. .superpowers/sdd 리뷰 보고서 외 참조 0건.
_archive/experiments/scripts/analyze_vissim_fd_samples.py,scripts/analyze_vissim_fd_samples.py,experiments,6403,2026-06 MPC 캘리브레이션 계획 시절 FD 표본 분석. 코드 참조 0건
_archive/debug/scripts/audit_demand_bottleneck_control_overlap.py,scripts/audit_demand_bottleneck_control_overlap.py,debug,16534,수요/병목/제어 중첩 감사 1회성. 저장소 전체 참조 0건
_archive/debug/scripts/boost_ramp_bound_demand.py,scripts/boost_ramp_bound_demand.py,debug,6808,램프 지향 수요 증대 1회성 inpx 편집기(2026-08-04 실측 기반). 저장소 전체 참조 0건
_archive/legacy_code/scripts/build_hypothetical_vissim.vbs,scripts/build_hypothetical_vissim.vbs,legacy_code,22160,환경 구축기 시절 가설 망 생성기. 확장자 없는 이름으로도 검색했으나 저장소 전체에서 참조 0건.
_archive/debug/scripts/check_cd_link_state.py,scripts/check_cd_link_state.py,debug,5279,C-D 링크 혼잡 측정(램프 수요 증대 실험 보조). 저장소 전체 참조 0건
_archive/debug/scripts/check_freeway_mass_balance.py,scripts/check_freeway_mass_balance.py,debug,4713,freeway 질량보존 검정. 잡으려던 결함(FW_E S5 223 veh/h 소실)은 2026-08-03 망 수리로 해결됨. 저장소 전체 참조 0건
_archive/experiments/scripts/compare_ab_decisions.py,scripts/compare_ab_decisions.py,experiments,3434,2026-08-15 warm-start A/B 결정 대조. 판정이 끝난 실험이고 저장소 전체 참조 0건
_archive/experiments/scripts/compare_lane_narrow_ab.py,scripts/compare_lane_narrow_ab.py,experiments,6271,차로보정 x 축좁힘 2x2 factorial A/B. 메모리상 '차로보정 A/B 판정 끝'(기본 꺼짐 결론). 저장소 전체 참조 0건
_archive/experiments/scripts/compare_leader_corner_modes.py,scripts/compare_leader_corner_modes.py,experiments,5839,leader 코너 열거 vs 좌표하강 손실 비교(목적값 차 0.0026 로 동률 결론). 저장소 전체 참조 0건
_archive/debug/scripts/compare_ramp_saturation.py,scripts/compare_ramp_saturation.py,debug,7462,램프 포화 대조. 유일한 참조자 boost_ramp_bound_demand.py:23 도 격리 대상. measure_ramp_connector_flow 를 import 하지만 그쪽은 남으므로 이동해도 안 깨진다
_archive/debug/scripts/compare_state_pair.py,scripts/compare_state_pair.py,debug,10061,state CSV 두 개 대조용 소도구. 저장소 전체 참조 0건
_archive/experiments/scripts/compare_warmstart_ab.py,scripts/compare_warmstart_ab.py,experiments,5228,warm-start A/B 대조. 유일한 참조자가 compare_lane_narrow_ab(같이 격리 대상)라 함께 옮겨야 한다
_archive/debug/scripts/counterfactual_prediction_audit_error.py,scripts/counterfactual_prediction_audit_error.py,debug,14924,예측감사 반사실 오차 1회성. 저장소 전체 참조 0건
_archive/legacy_code/scripts/create_real_world_peak_plateau_network.py,scripts/create_real_world_peak_plateau_network.py,legacy_code,9856,피크 평탄화 망 파생 생성기 1회성. 저장소 전체 참조 0건
_archive/debug/scripts/diagnose_prediction_error_components.py,scripts/diagnose_prediction_error_components.py,debug,8283,2026-06-28 예측오차 성분 분해 1회성. 코드 참조 0건
_archive/experiments/scripts/fit_observation_split_grid.py,scripts/fit_observation_split_grid.py,experiments,17839,2026-06-29 관측분할 격자 적합. 코드 참조 0건
_archive/experiments/scripts/fit_vissim_calibration.py,scripts/fit_vissim_calibration.py,experiments,17199,2026-06-26 캘리브레이션 적합. 코드 참조 0건
_archive/experiments/scripts/fit_vissim_terminal_cost.py,scripts/fit_vissim_terminal_cost.py,experiments,10751,터미널 코스트 회귀 적합 1회성. 저장소 전체 참조 0건. 메모리상 terminal cost 논점은 leader horizon 연장으로 결론난 상태
_archive/debug/scripts/fix_offramp_uturn_10638.py,scripts/fix_offramp_uturn_10638.py,debug,4483,커넥터 10638 U턴 경로 차단(destPos 65.344→333.0) 1회성 inpx 패치. 이미 적용된 수정이고 저장소 전체 참조 0건
_archive/legacy_code/scripts/generate_detector_local_mapping.py,scripts/generate_detector_local_mapping.py,legacy_code,8779,"DEFAULT_REPO_ROOT 가 옛 Numerical-Sim(현재는 Numerical-Sim-git 로 재지정), 산출 대상이 evaluation/detector_install/. 현행 검지매핑은 detector_local_mapping_distributed_core17legs4b_20260819.json 이다. 저장소 전체 참조 0건"
_archive/legacy_code/scripts/generate_vsl_8seg_mapping.py,scripts/generate_vsl_8seg_mapping.py,legacy_code,7378,8seg 가상격자 세대의 VSL 세그먼트 매핑 생성기. 저장소 전체 참조 0건. **주의**: 산출물 evaluation/vsl_install/vsl_segment_mapping_8seg.json 은 어댑터 :65 의 DEFAULT_MAPPING 폴백이므로 JSON 은 그대로 두고 생성기만 옮겨야 한다
_archive/legacy_code/scripts/install_eval_detectors.vbs,scripts/install_eval_detectors.vbs,legacy_code,11989,"eval 합성망 세대 설치기. 코드 참조 0건, 설치 보고서 1건 언급만. tests/test_action_csv_contract.py 가 scripts/*.vbs 를 글롭하지만 이 파일은 vissim_stackelberg_adapter.py 를 포함하지 않아 집합 assertEqual 에 영향 없음(확인함)."
_archive/legacy_code/scripts/install_eval_routes.vbs,scripts/install_eval_routes.vbs,legacy_code,8648,"eval 합성망 경로 설치기. 코드 참조 0건, 설치 보고서 1건 언급만."
_archive/legacy_code/scripts/install_eval_signal_heads.vbs,scripts/install_eval_signal_heads.vbs,legacy_code,6883,"eval 합성망 신호두 설치기. 코드 참조 0건, 설치 보고서 1건 언급만."
_archive/legacy_code/scripts/install_eval_vsl_8seg.vbs,scripts/install_eval_vsl_8seg.vbs,legacy_code,16496,8구간 VSL 설치기. 저장소 전체에서 참조 0건.
_archive/legacy_code/scripts/install_eval_vsl_segment_starts.vbs,scripts/install_eval_vsl_segment_starts.vbs,legacy_code,7105,"VSL 구간 시작점 설치기. 코드 참조 0건, README/보고서 언급만."
_archive/experiments/scripts/measure_observed_turn_ratios.py,scripts/measure_observed_turn_ratios.py,experiments,9161,커넥터에서 beta/포화유율 역산 1회성. 저장소 전체 참조 0건
_archive/experiments/scripts/measure_vissim_seed_spread.py,scripts/measure_vissim_seed_spread.py,experiments,6040,시드간 실현 분산 측정. audit_rollout_prediction_accuracy 를 import 하지만 역방향 참조는 0건이고 활성 계획 N6.5 도구 목록(:1226-1231)에도 없다
_archive/debug/scripts/probe_8seg_flow.vbs,scripts/probe_8seg_flow.vbs,debug,2007,8구간 유량 일회성 COM 프로브. 참조 0건. 어댑터 문자열 미포함이라 scripts/*.vbs 글롭 검사에 영향 없음.
_archive/debug/scripts/probe_com_signal_state_during_sim.vbs,scripts/probe_com_signal_state_during_sim.vbs,debug,2659,시뮬 중 신호 상태 COM 프로브. 참조 0건.
_archive/debug/scripts/probe_demand_actuation_20260802.vbs,scripts/probe_demand_actuation_20260802.vbs,debug,5742,2026-08-02 수요 구동 프로브. 참조 0건.
_archive/debug/scripts/probe_detector_api.vbs,scripts/probe_detector_api.vbs,debug,2549,검지기 COM API 프로브. 참조 0건.
_archive/debug/scripts/probe_detector_sc_assignment.vbs,scripts/probe_detector_sc_assignment.vbs,debug,1711,검지기-SC 배정 프로브. 참조 0건.
_archive/debug/scripts/probe_signal_detector_api.vbs,scripts/probe_signal_detector_api.vbs,debug,4428,신호검지기 COM API 프로브. 참조 0건.
_archive/debug/scripts/probe_signal_head_api.vbs,scripts/probe_signal_head_api.vbs,debug,5088,신호두 COM API 프로브. 참조 0건.
_archive/debug/scripts/probe_signal_head_assignment.vbs,scripts/probe_signal_head_assignment.vbs,debug,3052,신호두 배정 프로브. 참조 0건.
_archive/debug/scripts/probe_static_route_api.vbs,scripts/probe_static_route_api.vbs,debug,3323,정적 경로 COM API 프로브. 참조 0건.
_archive/debug/scripts/probe_vehicle_input_interval_write2.vbs,scripts/probe_vehicle_input_interval_write2.vbs,debug,3216,vehicleInput 구간 쓰기 2차 프로브. 참조 0건. (같은 계열의 probe_vehicle_input_time_interval_api.vbs 는 정본 vbs 가 근거로 인용해 REVIEW_REQUIRED 로 분리했다.)
_archive/debug/scripts/probe_vissim_run_continuous.vbs,scripts/probe_vissim_run_continuous.vbs,debug,3584,연속 실행 모드 프로브. 참조 0건.
_archive/debug/scripts/probe_vissim_vehicle_multiatt.vbs,scripts/probe_vissim_vehicle_multiatt.vbs,debug,2366,차량 MultiAttValues COM 프로브. 참조 0건.
_archive/experiments/scripts/replay_prediction_tuning_grid.py,scripts/replay_prediction_tuning_grid.py,experiments,11944,2026-06-29 예측 튜닝 격자 리플레이. 코드 참조 0건
_archive/legacy_code/scripts/run_8seg_pstack_4seed_pair_watchdog.ps1,scripts/run_8seg_pstack_4seed_pair_watchdog.ps1,legacy_code,6239,8구간 프리웨이 VSL 세대 배치. 살아있는 참조 0건. run_8seg_single_watchdog.ps1 만 호출하며 4개짜리 닫힌 클러스터의 최상위다.
_archive/legacy_code/scripts/run_8seg_single_watchdog.ps1,scripts/run_8seg_single_watchdog.ps1,legacy_code,4812,참조는 같은 클러스터의 run_8seg_pstack_4seed_pair_watchdog.ps1 하나뿐이라 4개를 같이 옮기면 외부 참조 0건. 호출 대상 run_stackelberg_vissim_controller_8seg.vbs 는 테스트가 잡고 있어 scripts/ 에 남으므로 경로가 어긋난다(아카이브 후 실행 불가는 의도된 상태).
_archive/legacy_code/scripts/run_8seg_w_chain_watchdog.ps1,scripts/run_8seg_w_chain_watchdog.ps1,legacy_code,4858,8seg _w 스위트 체인(2026-07-15). 살아있는 참조 0건. run_controller_with_watchdog.ps1 을 모델로 삼는다고만 적혀 있고 실제 호출 대상은 run_stackelberg_vissim_controller_8seg.vbs 다.
_archive/legacy_code/scripts/run_controller_with_watchdog.ps1,scripts/run_controller_with_watchdog.ps1,legacy_code,4738,구세대 범용 워치독. 참조는 run_8seg_w_chain_watchdog.ps1 의 주석 한 줄뿐이고 4개 클러스터를 같이 옮기면 외부 참조 0건. $PSScriptRoot 로 run_stackelberg_vissim_controller.vbs 를 찾으므로 이동 후에는 실행되지 않는다.
_archive/experiments/scripts/run_forced_response_pilot_20260802.ps1,scripts/run_forced_response_pilot_20260802.ps1,experiments,1740,2026-08-02 강제응답 파일럿. 저장소 전체에서 참조 0건.
_archive/experiments/scripts/run_g6_all_cells_20260802.ps1,scripts/run_g6_all_cells_20260802.ps1,experiments,3096,g6 전체 셀 배치. 참조 0건. run_g6_branch_grid.ps1 을 $repo 상대로 부르므로 아카이브 시 실행 불가가 되지만 호출 방향이 밖으로만 나가 남는 파일을 깨뜨리지 않는다.
_archive/experiments/scripts/run_no_control_fd_refit_20260801.ps1,scripts/run_no_control_fd_refit_20260801.ps1,experiments,2687,2026-08-01 no-control FD 재적합 배치. 저장소 전체에서 참조 0건.
_archive/experiments/scripts/run_perf_ab_20260801.ps1,scripts/run_perf_ab_20260801.ps1,experiments,3383,2026-08-01 성능 A/B. 참조 0건. 기본값이 이미 없어진 세대 경로(evaluation/generated/real_world_modi_control_config.vbs)를 가리킨다.
_archive/experiments/scripts/run_perf_probe_20260801.ps1,scripts/run_perf_probe_20260801.ps1,experiments,2966,2026-08-01 RW_PERF=1 계측 프로브. 참조 0건. run_real_world_stackelberg_controller_perf.vbs 를 부르지만 그쪽은 테스트가 잡고 있어 남는다(단방향 참조).
_archive/legacy_code/scripts/run_real_world_state_smoke.vbs,scripts/run_real_world_state_smoke.vbs,legacy_code,9273,실세계 상태 스모크 하네스. 저장소 전체에서 참조 0건이고 run_global_state_smoke.vbs 와 달리 이를 지정하는 config 도 없다.
_archive/experiments/scripts/run_vissim_controller_stress_sweep.py,scripts/run_vissim_controller_stress_sweep.py,experiments,19044,2026-06-28 컨트롤러 스트레스 스윕 러너. 코드 참조 0건(분석기 쪽만 8seg ps1 이 부른다)
_archive/experiments/scripts/run_vissim_mpc_tuning_batch.py,scripts/run_vissim_mpc_tuning_batch.py,experiments,21646,2026-06-28 MPC 튜닝 배치. 코드 참조 0건
_archive/legacy_code/scripts/screenshot_vissim_view.vbs,scripts/screenshot_vissim_view.vbs,legacy_code,1129,VISSIM 뷰 스크린샷 유틸. 확장자 없는 이름으로도 검색했으나 참조 0건.
_archive/legacy_code/scripts/smoke_wu_controller.py,scripts/smoke_wu_controller.py,legacy_code,4629,Wu 컨트롤러 스모크(Stackelberg 이전 세대). 옛 Numerical-Sim 루트와 evaluation/detector_install 를 기본값으로 쓴다. 저장소 전체 참조 0건
_archive/experiments/scripts/summarize_network_saturation.py,scripts/summarize_network_saturation.py,experiments,3025,2026-08-04 v6 앵커 기준 포화 요약. 저장소 전체 참조 0건
_archive/experiments/scripts/summarize_real_world_bottlenecks.py,scripts/summarize_real_world_bottlenecks.py,experiments,17360,병목 로그 요약 + 레버 추천. 저장소 전체 참조 0건
_archive/experiments/scripts/summarize_real_world_congestion_ladder.py,scripts/summarize_real_world_congestion_ladder.py,experiments,10585,무제어 수요 사다리 요약(run_real_world_congestion_ladder.ps1 세대). 저장소 전체 참조 0건
_archive/experiments/scripts/sweep_freeway_parameters.py,scripts/sweep_freeway_parameters.py,experiments,6141,freeway 파라미터 다단계 스윕. audit_rollout_prediction_accuracy 를 subprocess 로 부르지만 역참조 0건이고 N6.5 도구 목록에 없다
_archive/experiments/scripts/update_prediction_audit_calibration.py,scripts/update_prediction_audit_calibration.py,experiments,13097,2026-06-28 4단계 평가 시절 캘리브레이션 갱신기. 코드 참조 0건
_archive/legacy_code/scripts/validate_hypothetical_vissim.vbs,scripts/validate_hypothetical_vissim.vbs,legacy_code,1408,가설 망 검증기. 확장자 없는 이름으로도 검색했으나 참조 0건.
_archive/legacy_code/scripts/validate_local_observation_contract.py,scripts/validate_local_observation_contract.py,legacy_code,7766,분산화 이전 국소관측 계약 검증기. 언급은 evaluation/controllers/local_observation_contract.md 뿐이고 코드 참조 0건
_archive/legacy_code/scripts/validate_real_world_local_observation_contract.py,scripts/validate_real_world_local_observation_contract.py,legacy_code,6950,기본값이 evaluation/real_world_modi_control/detector_local_mapping.json 과 adapter_v0_20260719 튜닝 — 분산화(20260728) 이전 세대. 저장소 전체 참조 0건
_archive/legacy_code/scripts/validate_vissim_controller_outputs.py,scripts/validate_vissim_controller_outputs.py,legacy_code,18202,action_*.csv/json 산출 검증기. 현행 계약 검증은 scripts/tests/test_action_csv_vbs_validators.py 와 tests/test_action_csv_contract.py 가 맡는다. 저장소 전체 참조 0건
