sim_sec,model_link,direction,segment_index,segment_id,physical_link,count,stopped_count,mean_speed_kph,length_km,lanes,density_veh_km_lane,flow_vph
900.0,FW_E,E,0,RW_FW_E_S0,2,86.0,0.0,89.11978,1.346639,4.0,15.965675,5691.429774206
900.0,FW_E,E,1,RW_FW_E_S1,2,67.0,0.0,114.666783,1.346639,4.0,12.438374,5705.073329323368
900.0,FW_E,E,2,RW_FW_E_S2,2,68.0,0.0,111.094277,1.346639,4.0,12.624022,5609.826387688377
900.0,FW_E,E,3,RW_FW_E_S3,2,71.0,1.0,83.768817,1.346639,4.0,13.180964,4416.615044798352
900.0,FW_E,E,4,RW_FW_E_S4,2,51.0,0.0,98.368323,1.346639,4.0,9.468016,3725.4114242286723
900.0,FW_E,E,5,RW_FW_E_S5,2,41.0,0.0,107.03432,1.346639,4.0,7.611543,3258.7853166230398
900.0,FW_E,E,6,RW_FW_E_S6,2,50.0,0.0,102.90565,1.346639,4.0,9.282369,3820.8328619393997
900.0,FW_E,E,7,RW_FW_E_S7,2,33.0,0.0,118.831478,1.346639,4.0,6.126363,2912.019080218056
900.0,FW_W,W,0,RW_FW_W_S0,26,74.0,0.0,94.340891,1.347212,4.0,13.732063,5181.980234752532
900.0,FW_W,W,1,RW_FW_W_S1,26,47.0,0.0,115.124242,1.347212,4.0,8.721716,4016.323773757088
900.0,FW_W,W,2,RW_FW_W_S2,26,106.0,3.0,72.55791,1.347212,4.0,19.670252,5708.929497173281
900.0,FW_W,W,3,RW_FW_W_S3,26,79.0,0.0,100.411734,1.347212,4.0,14.659905,5888.10592530108
900.0,FW_W,W,4,RW_FW_W_S4,26,61.0,0.0,105.618226,1.347212,4.0,11.319674,4782.2555471132955
900.0,FW_W,W,5,RW_FW_W_S5,26,68.0,0.0,76.365845,1.347212,4.0,12.618652,3854.5360909637598
900.0,FW_W,W,6,RW_FW_W_S6,26,76.0,0.0,100.907669,1.347212,4.0,14.1032,5692.4841497632
900.0,FW_W,W,7,RW_FW_W_S7,26,84.0,0.0,111.093462,1.347212,4.0,15.587747,6926.787116040457
960.0,FW_E,E,0,RW_FW_E_S0,2,105.0,0.0,86.493471,1.346639,4.0,19.492975,6744.0602714649
960.0,FW_E,E,1,RW_FW_E_S1,2,68.0,0.0,112.143003,1.346639,4.0,12.624022,5662.782948072264
960.0,FW_E,E,2,RW_FW_E_S2,2,70.0,0.0,115.506997,1.346639,4.0,12.995316,6004.199704904208
960.0,FW_E,E,3,RW_FW_E_S3,2,69.0,0.0,99.593772,1.346639,4.0,12.809669,5103.053015125872
960.0,FW_E,E,4,RW_FW_E_S4,2,59.0,0.0,110.073389,1.346639,4.0,10.953195,4822.62117611142
960.0,FW_E,E,5,RW_FW_E_S5,2,56.0,0.0,103.620643,1.346639,4.0,10.396253,4309.065682602716
960.0,FW_E,E,6,RW_FW_E_S6,2,34.0,0.0,114.513947,1.346639,4.0,6.312011,2891.2531724696682
960.0,FW_E,E,7,RW_FW_E_S7,2,44.0,0.0,114.425768,1.346639,4.0,8.168485,3738.7406780859205
960.0,FW_W,W,0,RW_FW_W_S0,26,110.0,0.0,91.691167,1.347212,4.0,20.412526,7486.593321431367
960.0,FW_W,W,1,RW_FW_W_S1,26,65.0,0.0,110.998201,1.347212,4.0,12.061947,5355.417670229388
960.0,FW_W,W,2,RW_FW_W_S2,26,64.0,1.0,89.799159,1.347212,4.0,11.876379,4265.955384661044
960.0,FW_W,W,3,RW_FW_W_S3,26,84.0,0.0,100.608627,1.347212,4.0,15.587747,6273.047294773476
960.0,FW_W,W,4,RW_FW_W_S4,26,73.0,0.0,98.981039,1.347212,4.0,13.546495,5363.38459963322
960.0,FW_W,W,5,RW_FW_W_S5,26,60.0,0.0,100.05192,1.347212,4.0,11.134105,4455.9543309264
960.0,FW_W,W,6,RW_FW_W_S6,26,59.0,0.0,101.801971,1.347212,4.0,10.948537,4458.330584665708
960.0,FW_W,W,7,RW_FW_W_S7,26,61.0,0.0,117.006154,1.347212,4.0,11.319674,5297.886077095183
1020.0,FW_E,E,0,RW_FW_E_S0,2,94.0,0.0,90.782496,1.346639,4.0,17.450854,6336.928333806335
1020.0,FW_E,E,1,RW_FW_E_S1,2,86.0,0.0,105.068749,1.346639,4.0,15.965675,6709.973996762299
1020.0,FW_E,E,2,RW_FW_E_S2,2,81.0,0.0,111.248702,1.346639,4.0,15.037438,6691.581835621903
1020.0,FW_E,E,3,RW_FW_E_S3,2,66.0,0.0,85.499284,1.346639,4.0,12.252727,4190.397542189872
1020.0,FW_E,E,4,RW_FW_E_S4,2,56.0,0.0,111.589797,1.346639,4.0,10.396253,4640.463047322564
1020.0,FW_E,E,5,RW_FW_E_S5,2,47.0,0.0,102.528134,1.346639,4.0,8.725427,3578.4069946528716
1020.0,FW_E,E,6,RW_FW_E_S6,2,50.0,0.0,114.476345,1.346639,4.0,9.282369,4250.44670424522
1020.0,FW_E,E,7,RW_FW_E_S7,2,36.0,0.0,122.544083,1.346639,4.0,6.683306,3275.998420713592
1020.0,FW_W,W,0,RW_FW_W_S0,26,104.0,0.0,82.966703,1.347212,4.0,19.299116,6404.736101338192
1020.0,FW_W,W,1,RW_FW_W_S1,26,89.0,0.0,107.758837,1.347212,4.0,16.515589,7118.802652039972
1020.0,FW_W,W,2,RW_FW_W_S2,26,77.0,0.0,108.120502,1.347212,4.0,14.288768,6179.635076486144
1020.0,FW_W,W,3,RW_FW_W_S3,26,65.0,0.0,115.287058,1.347212,4.0,12.061947,5562.345533527704
1020.0,FW_W,W,4,RW_FW_W_S4,26,71.0,0.0,104.142185,1.347212,4.0,13.175358,5488.44228110892
1020.0,FW_W,W,5,RW_FW_W_S5,26,83.0,1.0,67.764319,1.347212,4.0,15.402179,4174.872684204404
1020.0,FW_W,W,6,RW_FW_W_S6,26,55.0,0.0,110.228605,1.347212,4.0,10.206263,4500.08853101246
1020.0,FW_W,W,7,RW_FW_W_S7,26,64.0,0.0,112.61063,1.347212,4.0,11.876379,5349.62608523508
1080.0,FW_E,E,0,RW_FW_E_S0,2,116.0,0.0,88.54337,1.346639,4.0,21.535096,7627.159892454079
1080.0,FW_E,E,1,RW_FW_E_S1,2,87.0,0.0,108.573439,1.346639,4.0,16.151322,7014.418295745431
1080.0,FW_E,E,2,RW_FW_E_S2,2,77.0,0.0,111.07119,1.346639,4.0,14.294848,6350.98311291648
1080.0,FW_E,E,3,RW_FW_E_S3,2,75.0,0.0,99.890817,1.346639,4.0,13.923553,5563.340338851204
1080.0,FW_E,E,4,RW_FW_E_S4,2,59.0,0.0,107.0864,1.346639,4.0,10.953195,4691.752884191999
1080.0,FW_E,E,5,RW_FW_E_S5,2,64.0,0.0,99.237298,1.346639,4.0,11.881432,4716.324832202944
1080.0,FW_E,E,6,RW_FW_E_S6,2,39.0,0.0,108.364864,1.346639,4.0,7.240248,3138.353959385088
1080.0,FW_E,E,7,RW_FW_E_S7,2,55.0,0.0,118.176343,1.346639,4.0,10.210606,4826.608307575432
1080.0,FW_W,W,0,RW_FW_W_S0,26,118.0,0.0,87.785954,1.347212,4.0,21.897073,7689.021772450568
1080.0,FW_W,W,1,RW_FW_W_S1,26,82.0,0.0,107.808268,1.347212,4.0,15.21661,6561.90547572592
1080.0,FW_W,W,2,RW_FW_W_S2,26,112.0,2.0,79.58444,1.347212,4.0,20.783663,6616.22472401488
1080.0,FW_W,W,3,RW_FW_W_S3,26,64.0,0.0,98.921458,1.347212,4.0,11.876379,4699.314905762328
1080.0,FW_W,W,4,RW_FW_W_S4,26,75.0,0.0,94.190133,1.347212,4.0,13.917631,5243.6140597396925
1080.0,FW_W,W,5,RW_FW_W_S5,26,100.0,0.0,71.070221,1.347212,4.0,18.556842,5275.3554480083285
1080.0,FW_W,W,6,RW_FW_W_S6,26,48.0,0.0,109.754526,1.347212,4.0,8.907284,3910.458933469536
1080.0,FW_W,W,7,RW_FW_W_S7,26,42.0,0.0,116.875075,1.347212,4.0,7.793874,3643.6384331622
1140.0,FW_E,E,0,RW_FW_E_S0,2,107.0,0.0,77.792646,1.346639,4.0,19.864269,6181.176185463097
1140.0,FW_E,E,1,RW_FW_E_S1,2,90.0,0.0,109.383884,1.346639,4.0,16.708264,7310.459244869504
1140.0,FW_E,E,2,RW_FW_E_S2,2,82.0,0.0,107.246099,1.346639,4.0,15.223085,6530.46592398166
1140.0,FW_E,E,3,RW_FW_E_S3,2,87.0,0.0,98.595091,1.346639,4.0,16.151322,6369.7642494412075
1140.0,FW_E,E,4,RW_FW_E_S4,2,57.0,0.0,114.208142,1.346639,4.0,10.581901,4834.1570081517675
1140.0,FW_E,E,5,RW_FW_E_S5,2,82.0,0.0,80.873281,1.346639,4.0,15.223085,4924.5633235675405
1140.0,FW_E,E,6,RW_FW_E_S6,2,50.0,0.0,112.701342,1.346639,4.0,9.282369,4184.541772956792
1140.0,FW_E,E,7,RW_FW_E_S7,2,49.0,0.0,116.682388,1.346639,4.0,9.096722,4245.708983728544
1140.0,FW_W,W,0,RW_FW_W_S0,26,119.0,0.0,83.425004,1.347212,4.0,22.082642,7368.977988722272
1140.0,FW_W,W,1,RW_FW_W_S1,26,89.0,0.0,105.260786,1.347212,4.0,16.515589,6953.775517571815
1140.0,FW_W,W,2,RW_FW_W_S2,26,111.0,0.0,84.333682,1.347212,4.0,20.598094,6948.452436808431
1140.0,FW_W,W,3,RW_FW_W_S3,26,80.0,0.0,101.350007,1.347212,4.0,14.845473,6018.355169873244
1140.0,FW_W,W,4,RW_FW_W_S4,26,61.0,0.0,107.73275,1.347212,4.0,11.319674,4877.998436493999
1140.0,FW_W,W,5,RW_FW_W_S5,26,103.0,0.0,59.525342,1.347212,4.0,19.113547,4550.9616880322965
1140.0,FW_W,W,6,RW_FW_W_S6,26,68.0,0.0,107.239652,1.347212,4.0,12.618652,5412.879396756417
1140.0,FW_W,W,7,RW_FW_W_S7,26,55.0,0.0,115.143432,1.347212,4.0,10.206263,4700.736598858464
1200.0,FW_E,E,0,RW_FW_E_S0,2,111.0,0.0,89.156286,1.346639,4.0,20.606859,7348.924058262695
1200.0,FW_E,E,1,RW_FW_E_S1,2,91.0,0.0,110.925724,1.346639,4.0,16.893911,7495.877235466256
1200.0,FW_E,E,2,RW_FW_E_S2,2,81.0,0.0,112.053561,1.346639,4.0,15.037438,6739.993904866872
1200.0,FW_E,E,3,RW_FW_E_S3,2,129.0,0.0,72.071973,1.346639,4.0,23.948512,6904.066041016704
1200.0,FW_E,E,4,RW_FW_E_S4,2,50.0,0.0,108.416244,1.346639,4.0,9.282369,4025.4383296081437
1200.0,FW_E,E,5,RW_FW_E_S5,2,93.0,0.0,68.544387,1.346639,4.0,17.265206,4733.731846794888
1200.0,FW_E,E,6,RW_FW_E_S6,2,46.0,0.0,103.680731,1.346639,4.0,8.539779,3541.6421171937955
1200.0,FW_E,E,7,RW_FW_E_S7,2,46.0,0.0,113.404746,1.346639,4.0,8.539779,3873.805873564536
1200.0,FW_W,W,0,RW_FW_W_S0,26,124.0,0.0,79.294767,1.347212,4.0,23.010484,7298.443869348912
1200.0,FW_W,W,1,RW_FW_W_S1,26,98.0,1.0,96.814643,1.347212,4.0,18.185705,7042.5701491132595
1200.0,FW_W,W,2,RW_FW_W_S2,26,112.0,2.0,75.560144,1.347212,4.0,20.783663,6281.666276509888
1200.0,FW_W,W,3,RW_FW_W_S3,26,86.0,0.0,97.350886,1.347212,4.0,15.958884,6214.445987884896
1200.0,FW_W,W,4,RW_FW_W_S4,26,73.0,0.0,91.563576,1.347212,4.0,13.546495,4961.46209786448
1200.0,FW_W,W,5,RW_FW_W_S5,26,122.0,0.0,54.199147,1.347212,4.0,22.639347,4908.133184148037
1200.0,FW_W,W,6,RW_FW_W_S6,26,53.0,0.0,100.293939,1.347212,4.0,9.835126,3945.614108405256
1200.0,FW_W,W,7,RW_FW_W_S7,26,50.0,0.0,114.086459,1.347212,4.0,9.278421,4234.168788004956
1260.0,FW_E,E,0,RW_FW_E_S0,2,111.0,0.0,89.643196,1.346639,4.0,20.606859,7389.058801125456
1260.0,FW_E,E,1,RW_FW_E_S1,2,82.0,0.0,111.756916,1.346639,4.0,15.223085,6805.14012642344
1260.0,FW_E,E,2,RW_FW_E_S2,2,96.0,0.0,111.099577,1.346639,4.0,17.822148,7920.132416125583
1260.0,FW_E,E,3,RW_FW_E_S3,2,116.0,0.0,72.946202,1.346639,4.0,21.535096,6283.613851621568
1260.0,FW_E,E,4,RW_FW_E_S4,2,84.0,0.0,90.874283,1.346639,4.0,15.59438,5668.51240531816
1260.0,FW_E,E,5,RW_FW_E_S5,2,59.0,0.0,87.589758,1.346639,4.0,10.953195,3837.5507975072396
1260.0,FW_E,E,6,RW_FW_E_S6,2,67.0,0.0,105.519486,1.346639,4.0,12.438374,5249.963324623056
1260.0,FW_E,E,7,RW_FW_E_S7,2,50.0,0.0,116.147847,1.346639,4.0,9.282369,4312.508697638172
1260.0,FW_W,W,0,RW_FW_W_S0,26,123.0,0.0,85.362345,1.347212,4.0,22.824915,7793.553075302701
1260.0,FW_W,W,1,RW_FW_W_S1,26,124.0,0.0,84.029652,1.347212,4.0,23.010484,7734.251851486272
1260.0,FW_W,W,2,RW_FW_W_S2,26,96.0,0.0,78.390422,1.347212,4.0,17.814568,5585.966013070784
1260.0,FW_W,W,3,RW_FW_W_S3,26,81.0,0.0,103.277243,1.347212,4.0,15.031042,6209.458308708824
1260.0,FW_W,W,4,RW_FW_W_S4,26,91.0,1.0,94.102403,1.347212,4.0,16.886726,6356.325981610312
1260.0,FW_W,W,5,RW_FW_W_S5,26,152.0,1.0,47.703665,1.347212,4.0,28.2064,5382.194625824
1260.0,FW_W,W,6,RW_FW_W_S6,26,32.0,0.0,89.651301,1.347212,4.0,5.938189,2129.4654777355563
1260.0,FW_W,W,7,RW_FW_W_S7,26,68.0,0.0,116.683676,1.347212,4.0,12.618652,5889.562806099008
1320.0,FW_E,E,0,RW_FW_E_S0,2,116.0,0.0,78.025129,1.346639,4.0,21.535096,6721.114573709537
1320.0,FW_E,E,1,RW_FW_E_S1,2,89.0,0.0,107.721978,1.346639,4.0,16.522617,7119.395939905704
1320.0,FW_E,E,2,RW_FW_E_S2,2,83.0,0.0,109.953504,1.346639,4.0,15.408732,6776.976302387712
1320.0,FW_E,E,3,RW_FW_E_S3,2,126.0,0.0,68.291203,1.346639,4.0,23.39157,6389.75382143484
1320.0,FW_E,E,4,RW_FW_E_S4,2,95.0,0.0,95.790516,1.346639,4.0,17.636501,6757.638124898063
1320.0,FW_E,E,5,RW_FW_E_S5,2,78.0,0.0,81.373153,1.346639,4.0,14.480496,4713.294466095553
1320.0,FW_E,E,6,RW_FW_E_S6,2,45.0,0.0,117.751634,1.346639,4.0,8.354132,3934.8507746067517
1320.0,FW_E,E,7,RW_FW_E_S7,2,63.0,0.0,118.336281,1.346639,4.0,11.695785,5536.14280110234
1320.0,FW_W,W,0,RW_FW_W_S0,26,121.0,0.0,73.901405,1.347212,4.0,22.453779,6637.46326263798
1320.0,FW_W,W,1,RW_FW_W_S1,26,115.0,0.0,80.464395,1.347212,4.0,21.340368,6868.55920078944
1320.0,FW_W,W,2,RW_FW_W_S2,26,131.0,0.0,70.381295,1.347212,4.0,24.309463,6843.72594677834
1320.0,FW_W,W,3,RW_FW_W_S3,26,82.0,0.0,100.584942,1.347212,4.0,15.21661,6122.247337146479
1320.0,FW_W,W,4,RW_FW_W_S4,26,77.0,0.0,101.620145,1.347212,4.0,14.288768,5808.106704125439
1320.0,FW_W,W,5,RW_FW_W_S5,26,130.0,1.0,61.851303,1.347212,4.0,24.123894,5968.377109335528
1320.0,FW_W,W,6,RW_FW_W_S6,26,102.0,0.0,91.360967,1.347212,4.0,18.927979,6917.113859182772
1320.0,FW_W,W,7,RW_FW_W_S7,26,42.0,0.0,116.681232,1.347212,4.0,7.793874,3637.5952814910715
1380.0,FW_E,E,0,RW_FW_E_S0,2,118.0,0.0,77.865086,1.346639,4.0,21.906391,6822.972076658504
1380.0,FW_E,E,1,RW_FW_E_S1,2,83.0,0.0,110.675863,1.346639,4.0,15.408732,6821.498847342865
1380.0,FW_E,E,2,RW_FW_E_S2,2,91.0,0.0,108.09413,1.346639,4.0,16.893911,7304.53044736972
1380.0,FW_E,E,3,RW_FW_E_S3,2,125.0,0.0,69.92976,1.346639,4.0,23.205922,6491.138224154881
1380.0,FW_E,E,4,RW_FW_E_S4,2,84.0,0.0,96.187196,1.346639,4.0,15.59438,5999.91874223392
1380.0,FW_E,E,5,RW_FW_E_S5,2,121.0,1.0,59.084954,1.346639,4.0,22.463333,5308.979987966728
1380.0,FW_E,E,6,RW_FW_E_S6,2,41.0,0.0,106.423474,1.346639,4.0,7.611543,3240.187394241528
1380.0,FW_E,E,7,RW_FW_E_S7,2,40.0,0.0,120.681326,1.346639,4.0,7.425895,3584.6674213470797
1380.0,FW_W,W,0,RW_FW_W_S0,26,118.0,1.0,76.6771,1.347212,4.0,21.897073,6716.0162245132
1380.0,FW_W,W,1,RW_FW_W_S1,26,126.0,1.0,81.484042,1.347212,4.0,23.381621,7620.915950368328
1380.0,FW_W,W,2,RW_FW_W_S2,26,127.0,4.0,65.668515,1.347212,4.0,23.567189,6190.48921741734
1380.0,FW_W,W,3,RW_FW_W_S3,26,88.0,0.0,96.972117,1.347212,4.0,16.330021,6334.226828097827
1380.0,FW_W,W,4,RW_FW_W_S4,26,86.0,0.0,89.98287,1.347212,4.0,15.958884,5744.10473726832
1380.0,FW_W,W,5,RW_FW_W_S5,26,169.0,0.0,48.887236,1.347212,4.0,31.361063,6132.6227523674725
1380.0,FW_W,W,6,RW_FW_W_S6,26,57.0,0.0,102.708645,1.347212,4.0,10.5774,4345.561686492
1380.0,FW_W,W,7,RW_FW_W_S7,26,82.0,0.0,109.215059,1.347212,4.0,15.21661,6647.531835719959
1440.0,FW_E,E,0,RW_FW_E_S0,2,123.0,0.0,80.45132,1.346639,4.0,22.834628,7348.303857235839
1440.0,FW_E,E,1,RW_FW_E_S1,2,74.0,0.0,105.570877,1.346639,4.0,13.737906,5801.291138254248
1440.0,FW_E,E,2,RW_FW_E_S2,2,90.0,0.0,108.569796,1.346639,4.0,16.708264,7256.051255976576
1440.0,FW_E,E,3,RW_FW_E_S3,2,102.0,0.0,78.148644,1.346639,4.0,18.936033,5919.301206757008
1440.0,FW_E,E,4,RW_FW_E_S4,2,98.0,0.0,85.708481,1.346639,4.0,18.193443,6237.329454760332
1440.0,FW_E,E,5,RW_FW_E_S5,2,104.0,1.0,71.166586,1.346639,4.0,19.307327,5496.146189502488
1440.0,FW_E,E,6,RW_FW_E_S6,2,84.0,0.0,90.442483,1.346639,4.0,15.59438,5641.577792182159
1440.0,FW_E,E,7,RW_FW_E_S7,2,37.0,0.0,118.010841,1.346639,4.0,6.868953,3242.443681277892
1440.0,FW_W,W,0,RW_FW_W_S0,26,125.0,1.0,80.987033,1.347212,4.0,23.196052,7514.317715174864
1440.0,FW_W,W,1,RW_FW_W_S1,26,127.0,0.0,71.364094,1.347212,4.0,23.567189,6727.404364447063
1440.0,FW_W,W,2,RW_FW_W_S2,26,145.0,0.0,64.972384,1.347212,4.0,26.907421,6992.957158646656
1440.0,FW_W,W,3,RW_FW_W_S3,26,76.0,0.0,104.45512,1.347212,4.0,14.1032,5892.6057935359995
1440.0,FW_W,W,4,RW_FW_W_S4,26,87.0,2.0,80.167852,1.347212,4.0,16.144452,5177.064154228417
1440.0,FW_W,W,5,RW_FW_W_S5,26,144.0,0.0,55.885459,1.347212,4.0,26.721852,5973.451857400271
1440.0,FW_W,W,6,RW_FW_W_S6,26,99.0,0.0,100.822535,1.347212,4.0,18.371273,7408.95326014822
1440.0,FW_W,W,7,RW_FW_W_S7,26,46.0,0.0,109.193682,1.347212,4.0,8.536147,3728.3732840930156
1500.0,FW_E,E,0,RW_FW_E_S0,2,132.0,0.0,65.345421,1.346639,4.0,24.505454,6405.276833704536
1500.0,FW_E,E,1,RW_FW_E_S1,2,84.0,0.0,113.155917,1.346639,4.0,15.59438,7058.38547578584
1500.0,FW_E,E,2,RW_FW_E_S2,2,75.0,0.0,112.508955,1.346639,4.0,13.923553,6266.09759166846
1500.0,FW_E,E,3,RW_FW_E_S3,2,128.0,0.0,67.194021,1.346639,4.0,23.762864,6386.889530544577
1500.0,FW_E,E,4,RW_FW_E_S4,2,75.0,0.0,98.258695,1.346639,4.0,13.923553,5472.44059017334
1500.0,FW_E,E,5,RW_FW_E_S5,2,106.0,0.0,71.141408,1.346639,4.0,19.678622,5599.859506319104
1500.0,FW_E,E,6,RW_FW_E_S6,2,83.0,0.0,96.498342,1.346639,4.0,15.408732,5947.668361289376
1500.0,FW_E,E,7,RW_FW_E_S7,2,77.0,0.0,111.657662,1.346639,4.0,14.294848,6384.517225301504
1500.0,FW_W,W,0,RW_FW_W_S0,26,126.0,0.0,69.414627,1.347212,4.0,23.381621,6492.1060014814675
1500.0,FW_W,W,1,RW_FW_W_S1,26,121.0,1.0,75.74594,1.347212,4.0,22.453779,6803.13038762904
1500.0,FW_W,W,2,RW_FW_W_S2,26,160.0,8.0,58.395519,1.347212,4.0,29.690947,6935.273038665972
1500.0,FW_W,W,3,RW_FW_W_S3,26,90.0,0.0,89.499581,1.347212,4.0,16.701158,5978.986572859192
1500.0,FW_W,W,4,RW_FW_W_S4,26,70.0,2.0,88.543681,1.347212,4.0,12.989789,4600.654933893236
1500.0,FW_W,W,5,RW_FW_W_S5,26,135.0,1.0,69.970552,1.347212,4.0,25.051736,7011.535185913087
1500.0,FW_W,W,6,RW_FW_W_S6,26,88.0,0.0,100.057721,1.347212,4.0,16.330021,6535.778740568563
1500.0,FW_W,W,7,RW_FW_W_S7,26,92.0,0.0,112.544293,1.347212,4.0,17.072294,7685.557032472568
1560.0,FW_E,E,0,RW_FW_E_S0,2,147.0,0.0,67.611774,1.346639,4.0,27.290165,7380.545873610839
1560.0,FW_E,E,1,RW_FW_E_S1,2,88.0,0.0,105.049335,1.346639,4.0,16.336969,6864.75091746246
1560.0,FW_E,E,2,RW_FW_E_S2,2,80.0,0.0,93.218733,1.346639,4.0,14.85179,5537.86018632828
1560.0,FW_E,E,3,RW_FW_E_S3,2,96.0,0.0,91.301798,1.346639,4.0,17.822148,6508.776626488416
1560.0,FW_E,E,4,RW_FW_E_S4,2,98.0,0.0,99.701104,1.346639,4.0,18.193443,7255.6254106442875
1560.0,FW_E,E,5,RW_FW_E_S5,2,108.0,0.0,70.238134,1.346639,4.0,20.049917,5633.075027739513
1560.0,FW_E,E,6,RW_FW_E_S6,2,63.0,0.0,96.643964,1.346639,4.0,11.695785,4521.30809796696
1560.0,FW_E,E,7,RW_FW_E_S7,2,71.0,0.0,115.979582,1.346639,4.0,13.180964,6114.890780308191
1560.0,FW_W,W,0,RW_FW_W_S0,26,131.0,2.0,74.716496,1.347212,4.0,24.309463,7265.271580006593
1560.0,FW_W,W,1,RW_FW_W_S1,26,120.0,3.0,82.384446,1.347212,4.0,22.26821,7338.21657704664
1560.0,FW_W,W,2,RW_FW_W_S2,26,168.0,2.0,59.161612,1.347212,4.0,31.175494,7377.569919745312
1560.0,FW_W,W,3,RW_FW_W_S3,26,96.0,0.0,89.159128,1.347212,4.0,17.814568,6353.325394306816
1560.0,FW_W,W,4,RW_FW_W_S4,26,85.0,0.0,94.931956,1.347212,4.0,15.773316,5989.566961944383
1560.0,FW_W,W,5,RW_FW_W_S5,26,110.0,0.0,60.492553,1.347212,4.0,20.412526,4939.223243675512
1560.0,FW_W,W,6,RW_FW_W_S6,26,94.0,0.0,101.591758,1.347212,4.0,17.443431,7088.435283366792
1560.0,FW_W,W,7,RW_FW_W_S7,26,70.0,0.0,112.460405,1.347212,4.0,12.989789,5843.34772721818
1620.0,FW_E,E,0,RW_FW_E_S0,2,157.0,1.0,61.388597,1.346639,4.0,29.146638,7157.084856347544
1620.0,FW_E,E,1,RW_FW_E_S1,2,97.0,0.0,92.984558,1.346639,4.0,18.007796,6697.787806456672
1620.0,FW_E,E,2,RW_FW_E_S2,2,83.0,0.0,104.395741,1.346639,4.0,15.408732,6434.423980041648
1620.0,FW_E,E,3,RW_FW_E_S3,2,77.0,0.0,91.462151,1.346639,4.0,14.294848,5229.7501851921925
1620.0,FW_E,E,4,RW_FW_E_S4,2,83.0,0.0,91.749115,1.346639,4.0,15.408732,5654.95009708872
1620.0,FW_E,E,5,RW_FW_E_S5,2,87.0,2.0,71.104972,1.346639,4.0,16.151322,4593.757194291937
1620.0,FW_E,E,6,RW_FW_E_S6,2,99.0,0.0,97.269387,1.346639,4.0,18.37909,7150.89127167132
1620.0,FW_E,E,7,RW_FW_E_S7,2,56.0,0.0,113.010025,1.346639,4.0,10.396253,4699.523245745299
1620.0,FW_W,W,0,RW_FW_W_S0,26,151.0,3.0,57.814194,1.347212,4.0,28.020831,6480.007037900857
1620.0,FW_W,W,1,RW_FW_W_S1,26,106.0,1.0,81.84476,1.347212,4.0,19.670252,6439.62821631808
1620.0,FW_W,W,2,RW_FW_W_S2,26,166.0,0.0,55.205365,1.347212,4.0,30.804357,6802.26308710122
1620.0,FW_W,W,3,RW_FW_W_S3,26,102.0,0.0,96.550396,1.347212,4.0,18.927979,7310.015471718737
1620.0,FW_W,W,4,RW_FW_W_S4,26,84.0,1.0,83.476885,1.347212,4.0,15.587747,5204.86625491238
1620.0,FW_W,W,5,RW_FW_W_S5,26,125.0,1.0,56.961902,1.347212,4.0,23.196052,5285.1649632436165
1620.0,FW_W,W,6,RW_FW_W_S6,26,51.0,0.0,116.965651,1.347212,4.0,9.463989,4427.846537767356
1620.0,FW_W,W,7,RW_FW_W_S7,26,97.0,0.0,107.279852,1.347212,4.0,18.000137,7724.208133358896
1680.0,FW_E,E,0,RW_FW_E_S0,2,157.0,1.0,55.677876,1.346639,4.0,29.146638,6491.2915855235515
1680.0,FW_E,E,1,RW_FW_E_S1,2,96.0,0.0,95.762229,1.346639,4.0,17.822148,6826.754472191567
1680.0,FW_E,E,2,RW_FW_E_S2,2,96.0,0.0,109.657443,1.346639,4.0,17.822148,7817.324713790255
1680.0,FW_E,E,3,RW_FW_E_S3,2,106.0,1.0,76.630938,1.346639,4.0,19.678622,6031.9650496297445
1680.0,FW_E,E,4,RW_FW_E_S4,2,64.0,0.0,104.209788,1.346639,4.0,11.881432,4952.646039425665
1680.0,FW_E,E,5,RW_FW_E_S5,2,112.0,1.0,69.593329,1.346639,4.0,20.792506,5788.078843169896
1680.0,FW_E,E,6,RW_FW_E_S6,2,43.0,0.0,107.727604,1.346639,4.0,7.982837,3439.8876125301917
1680.0,FW_E,E,7,RW_FW_E_S7,2,87.0,0.0,105.374096,1.346639,4.0,16.151322,6807.723819819647
1680.0,FW_W,W,0,RW_FW_W_S0,26,164.0,2.0,63.557191,1.347212,4.0,30.433221,7737.000159368844
1680.0,FW_W,W,1,RW_FW_W_S1,26,97.0,0.0,94.757285,1.347212,4.0,18.000137,6822.57644699218
1680.0,FW_W,W,2,RW_FW_W_S2,26,160.0,6.0,60.837578,1.347212,4.0,29.690947,7225.301216025465
1680.0,FW_W,W,3,RW_FW_W_S3,26,96.0,0.0,89.880097,1.347212,4.0,17.814568,6404.700399412385
1680.0,FW_W,W,4,RW_FW_W_S4,26,130.0,3.0,65.136737,1.347212,4.0,24.123894,6285.406955575511
1680.0,FW_W,W,5,RW_FW_W_S5,26,120.0,0.0,55.239023,1.347212,4.0,22.26821,4920.29665743532
1680.0,FW_W,W,6,RW_FW_W_S6,26,73.0,0.0,92.351879,1.347212,4.0,13.546495,5004.17706845642
1680.0,FW_W,W,7,RW_FW_W_S7,26,31.0,0.0,107.9412,1.347212,4.0,5.752621,2483.7792555408
1740.0,FW_E,E,0,RW_FW_E_S0,2,151.0,1.0,62.507275,1.346639,4.0,28.032754,7009.0042531414
1740.0,FW_E,E,1,RW_FW_E_S1,2,91.0,0.0,94.937602,1.346639,4.0,16.893911,6415.469594965688
1740.0,FW_E,E,2,RW_FW_E_S2,2,89.0,0.0,106.83962,1.346639,4.0,16.522617,7061.08048674216
1740.0,FW_E,E,3,RW_FW_E_S3,2,96.0,1.0,84.051846,1.346639,4.0,17.822148,5991.937756340832
1740.0,FW_E,E,4,RW_FW_E_S4,2,89.0,0.0,100.047168,1.346639,4.0,16.522617,6612.164155194624
1740.0,FW_E,E,5,RW_FW_E_S5,2,98.0,0.0,60.392642,1.346639,4.0,18.193443,4395.000359385624
1740.0,FW_E,E,6,RW_FW_E_S6,2,62.0,0.0,104.89355,1.346639,4.0,11.510137,4829.3565236654
1740.0,FW_E,E,7,RW_FW_E_S7,2,53.0,0.0,117.608471,1.346639,4.0,9.839311,4628.745289613924
1740.0,FW_W,W,0,RW_FW_W_S0,26,157.0,0.0,56.328686,1.347212,4.0,29.134242,6564.374277864048
1740.0,FW_W,W,1,RW_FW_W_S1,26,110.0,0.0,83.972727,1.347212,4.0,20.412526,6856.381892713608
1740.0,FW_W,W,2,RW_FW_W_S2,26,142.0,0.0,66.791974,1.347212,4.0,26.350715,7040.06508464564
1740.0,FW_W,W,3,RW_FW_W_S3,26,102.0,0.0,95.551756,1.347212,4.0,18.927979,7234.4065239244965
1740.0,FW_W,W,4,RW_FW_W_S4,26,134.0,7.0,62.368432,1.347212,4.0,24.866168,6203.455632034304
1740.0,FW_W,W,5,RW_FW_W_S5,26,113.0,0.0,64.352293,1.347212,4.0,20.969231,5397.672389186732
1740.0,FW_W,W,6,RW_FW_W_S6,26,83.0,0.0,97.682074,1.347212,4.0,15.402179,6018.067155356984
1740.0,FW_W,W,7,RW_FW_W_S7,26,77.0,0.0,112.715635,1.347212,4.0,14.288768,6442.27023395072
1800.0,FW_E,E,0,RW_FW_E_S0,2,147.0,1.0,63.256109,1.346639,4.0,27.290165,6905.07860747194
1800.0,FW_E,E,1,RW_FW_E_S1,2,110.0,0.0,86.873847,1.346639,4.0,20.421212,7096.276987370256
1800.0,FW_E,E,2,RW_FW_E_S2,2,77.0,0.0,113.600561,1.346639,4.0,14.294848,6495.611008838912
1800.0,FW_E,E,3,RW_FW_E_S3,2,141.0,4.0,62.133385,1.346639,4.0,26.17628,6505.6835324312
1800.0,FW_E,E,4,RW_FW_E_S4,2,66.0,0.0,101.388571,1.346639,4.0,12.252727,4969.145925532468
1800.0,FW_E,E,5,RW_FW_E_S5,2,95.0,0.0,67.977752,1.346639,4.0,17.636501,4795.558764503007
1800.0,FW_E,E,6,RW_FW_E_S6,2,73.0,0.0,99.624935,1.346639,4.0,13.552259,5400.571687912659
1800.0,FW_E,E,7,RW_FW_E_S7,2,47.0,0.0,116.230826,1.346639,4.0,8.725427,4056.6543496508075
1800.0,FW_W,W,0,RW_FW_W_S0,26,164.0,6.0,54.729401,1.347212,4.0,30.433221,6662.367823322485
1800.0,FW_W,W,1,RW_FW_W_S1,26,109.0,0.0,85.419372,1.347212,4.0,20.226958,6911.096199321503
1800.0,FW_W,W,2,RW_FW_W_S2,26,135.0,0.0,67.624914,1.347212,4.0,25.051736,6776.485970202816
1800.0,FW_W,W,3,RW_FW_W_S3,26,105.0,2.0,88.931853,1.347212,4.0,19.484684,6931.236212957809
1800.0,FW_W,W,4,RW_FW_W_S4,26,126.0,4.0,62.548534,1.347212,4.0,23.381621,5849.9444643744555
1800.0,FW_W,W,5,RW_FW_W_S5,26,146.0,1.0,55.535647,1.347212,4.0,27.092989,6018.506693115532
1800.0,FW_W,W,6,RW_FW_W_S6,26,51.0,0.0,111.69173,1.347212,4.0,9.463989,4228.19721644388
1800.0,FW_W,W,7,RW_FW_W_S7,26,62.0,0.0,108.553941,1.347212,4.0,11.505242,4995.757445034888
1860.0,FW_E,E,0,RW_FW_E_S0,2,140.0,0.0,72.699695,1.346639,4.0,25.990633,7558.044367827741
1860.0,FW_E,E,1,RW_FW_E_S1,2,122.0,0.0,80.349308,1.346639,4.0,22.64898,7279.31947962336
1860.0,FW_E,E,2,RW_FW_E_S2,2,89.0,0.0,109.556591,1.346639,4.0,16.522617,7240.646371674588
1860.0,FW_E,E,3,RW_FW_E_S3,2,107.0,0.0,79.495824,1.346639,4.0,19.864269,6316.5057292506235
1860.0,FW_E,E,4,RW_FW_E_S4,2,91.0,0.0,89.020402,1.346639,4.0,16.893911,6015.610994288888
1860.0,FW_E,E,5,RW_FW_E_S5,2,83.0,0.0,81.651842,1.346639,4.0,15.408732,5032.605402737377
1860.0,FW_E,E,6,RW_FW_E_S6,2,67.0,0.0,99.584339,1.346639,4.0,12.438374,4954.669012099143
1860.0,FW_E,E,7,RW_FW_E_S7,2,70.0,0.0,113.5193,1.346639,4.0,12.995316,5900.8767023952005
1860.0,FW_W,W,0,RW_FW_W_S0,26,153.0,4.0,61.380646,1.347212,4.0,28.391968,6970.869348205311
1860.0,FW_W,W,1,RW_FW_W_S1,26,109.0,0.0,82.55642,1.347212,4.0,20.226958,6679.46095988144
1860.0,FW_W,W,2,RW_FW_W_S2,26,143.0,0.0,62.39087,1.347212,4.0,26.536284,6622.4873813083195
1860.0,FW_W,W,3,RW_FW_W_S3,26,91.0,0.0,101.338329,1.347212,4.0,16.886726,6845.090380483416
1860.0,FW_W,W,4,RW_FW_W_S4,26,124.0,0.0,75.819348,1.347212,4.0,23.010484,6978.559576177729
1860.0,FW_W,W,5,RW_FW_W_S5,26,164.0,4.0,54.572278,1.347212,4.0,30.433221,6643.240787389752
1860.0,FW_W,W,6,RW_FW_W_S6,26,72.0,0.0,102.297455,1.347212,4.0,13.360926,5467.154904973319
1860.0,FW_W,W,7,RW_FW_W_S7,26,53.0,0.0,116.210215,1.347212,4.0,9.835126,4571.768428048361
1920.0,FW_E,E,0,RW_FW_E_S0,2,140.0,0.0,68.439469,1.346639,4.0,25.990633,7115.1404859755075
1920.0,FW_E,E,1,RW_FW_E_S1,2,132.0,3.0,74.613172,1.346639,4.0,24.505454,7313.718616960353
1920.0,FW_E,E,2,RW_FW_E_S2,2,77.0,0.0,108.508358,1.346639,4.0,14.294848,6204.441937358336
1920.0,FW_E,E,3,RW_FW_E_S3,2,116.0,2.0,69.930851,1.346639,4.0,21.535096,6023.870358586784
1920.0,FW_E,E,4,RW_FW_E_S4,2,83.0,0.0,94.262221,1.346639,4.0,15.408732,5809.845204455088
1920.0,FW_E,E,5,RW_FW_E_S5,2,107.0,0.0,77.457714,1.346639,4.0,19.864269,6154.563468084264
1920.0,FW_E,E,6,RW_FW_E_S6,2,56.0,0.0,98.027815,1.346639,4.0,10.396253,4076.48786310878
1920.0,FW_E,E,7,RW_FW_E_S7,2,76.0,0.0,111.775545,1.346639,4.0,14.109201,6308.25452515818
1920.0,FW_W,W,0,RW_FW_W_S0,26,168.0,7.0,57.53247,1.347212,4.0,31.175494,7174.412693160721
1920.0,FW_W,W,1,RW_FW_W_S1,26,111.0,0.0,86.177681,1.347212,4.0,20.598094,7100.3838957600565
1920.0,FW_W,W,2,RW_FW_W_S2,26,146.0,4.0,62.451121,1.347212,4.0,27.092989,6767.950137162676
1920.0,FW_W,W,3,RW_FW_W_S3,26,78.0,0.0,95.47428,1.347212,4.0,14.474337,5527.707614209439
1920.0,FW_W,W,4,RW_FW_W_S4,26,118.0,3.0,75.834743,1.347212,4.0,21.897073,6642.235613628956
1920.0,FW_W,W,5,RW_FW_W_S5,26,172.0,3.0,47.901799,1.347212,4.0,31.917768,6115.674029058528
1920.0,FW_W,W,6,RW_FW_W_S6,26,77.0,0.0,93.645958,1.347212,4.0,14.288768,5352.341471998975
1920.0,FW_W,W,7,RW_FW_W_S7,26,66.0,0.0,109.480772,1.347212,4.0,12.247516,5363.470027049408
1980.0,FW_E,E,0,RW_FW_E_S0,2,146.0,0.0,66.380797,1.346639,4.0,27.104517,7196.877763040196
1980.0,FW_E,E,1,RW_FW_E_S1,2,118.0,0.0,84.34402,1.346639,4.0,21.906391,7390.692322527279
1980.0,FW_E,E,2,RW_FW_E_S2,2,106.0,0.0,105.072192,1.346639,4.0,19.678622,8270.703796317697
1980.0,FW_E,E,3,RW_FW_E_S3,2,106.0,0.0,79.144923,1.346639,4.0,19.678622,6229.852091744425
1980.0,FW_E,E,4,RW_FW_E_S4,2,69.0,0.0,98.979971,1.346639,4.0,12.809669,5071.602664558396
1980.0,FW_E,E,5,RW_FW_E_S5,2,104.0,0.0,70.670575,1.346639,4.0,19.307327,5457.8396032121
1980.0,FW_E,E,6,RW_FW_E_S6,2,72.0,0.0,102.427572,1.346639,4.0,13.366611,5476.438042393968
1980.0,FW_E,E,7,RW_FW_E_S7,2,41.0,0.0,117.574071,1.346639,4.0,7.611543,3579.6803884062124
1980.0,FW_W,W,0,RW_FW_W_S0,26,148.0,1.0,65.335772,1.347212,4.0,27.464126,7177.559498061089
1980.0,FW_W,W,1,RW_FW_W_S1,26,115.0,0.0,86.338712,1.347212,4.0,21.340368,7369.999546904065
1980.0,FW_W,W,2,RW_FW_W_S2,26,157.0,3.0,56.612465,1.347212,4.0,29.134242,6597.44502210612
1980.0,FW_W,W,3,RW_FW_W_S3,26,103.0,0.0,98.34511,1.347212,4.0,19.113547,7518.895528820681
1980.0,FW_W,W,4,RW_FW_W_S4,26,100.0,0.0,69.314663,1.347212,4.0,18.556842,5145.044998296984
1980.0,FW_W,W,5,RW_FW_W_S5,26,162.0,1.0,48.932035,1.347212,4.0,30.062084,5883.995785843759
1980.0,FW_W,W,6,RW_FW_W_S6,26,112.0,0.0,92.056957,1.347212,4.0,20.783663,7653.123084373964
1980.0,FW_W,W,7,RW_FW_W_S7,26,64.0,0.0,109.200767,1.347212,4.0,11.876379,5187.638783930772
2040.0,FW_E,E,0,RW_FW_E_S0,2,154.0,2.0,66.278881,1.346639,4.0,28.589696,7579.5722360407035
2040.0,FW_E,E,1,RW_FW_E_S1,2,111.0,1.0,87.027882,1.346639,4.0,20.606859,7173.485173770552
2040.0,FW_E,E,2,RW_FW_E_S2,2,98.0,0.0,97.411023,1.346639,4.0,18.193443,7088.9675780887555
2040.0,FW_E,E,3,RW_FW_E_S3,2,130.0,2.0,60.572596,1.346639,4.0,24.134159,5847.474651627056
2040.0,FW_E,E,4,RW_FW_E_S4,2,78.0,0.0,88.331435,1.346639,4.0,14.480496,5116.3319647670405
2040.0,FW_E,E,5,RW_FW_E_S5,2,90.0,0.0,67.296829,1.346639,4.0,16.708264,4497.652741179424
2040.0,FW_E,E,6,RW_FW_E_S6,2,69.0,0.0,103.789412,1.346639,4.0,12.809669,5318.032053698512
2040.0,FW_E,E,7,RW_FW_E_S7,2,77.0,0.0,112.178981,1.346639,4.0,14.294848,6414.325928759552
2040.0,FW_W,W,0,RW_FW_W_S0,26,146.0,4.0,68.307256,1.347212,4.0,27.092989,7402.590941712735
2040.0,FW_W,W,1,RW_FW_W_S1,26,119.0,0.0,85.980575,1.347212,4.0,22.082642,7594.7130267166
2040.0,FW_W,W,2,RW_FW_W_S2,26,162.0,13.0,51.634985,1.347212,4.0,30.062084,6209.02102563496
2040.0,FW_W,W,3,RW_FW_W_S3,26,100.0,0.0,93.930419,1.347212,4.0,18.556842,6972.207777507192
2040.0,FW_W,W,4,RW_FW_W_S4,26,113.0,0.0,74.636677,1.347212,4.0,20.969231,6260.294884341549
2040.0,FW_W,W,5,RW_FW_W_S5,26,138.0,0.0,59.813996,1.347212,4.0,25.608442,6126.972989416929
2040.0,FW_W,W,6,RW_FW_W_S6,26,100.0,0.0,89.371738,1.347212,4.0,18.556842,6633.8288853255835
2040.0,FW_W,W,7,RW_FW_W_S7,26,93.0,0.0,101.619586,1.347212,4.0,17.257863,7014.947573218872
2100.0,FW_E,E,0,RW_FW_E_S0,2,149.0,0.0,65.779113,1.346639,4.0,27.661459,7278.184949223468
2100.0,FW_E,E,1,RW_FW_E_S1,2,116.0,0.0,77.890404,1.346639,4.0,21.535096,6709.509310475136
2100.0,FW_E,E,2,RW_FW_E_S2,2,110.0,0.0,86.69205,1.346639,4.0,20.421212,7081.4269270584
2100.0,FW_E,E,3,RW_FW_E_S3,2,125.0,1.0,64.507977,1.346639,4.0,23.205922,5987.868330559176
2100.0,FW_E,E,4,RW_FW_E_S4,2,89.0,0.0,102.153743,1.346639,4.0,16.522617,6751.388682821725
2100.0,FW_E,E,5,RW_FW_E_S5,2,106.0,0.0,67.30719,1.346639,4.0,19.678622,5298.050999568721
2100.0,FW_E,E,6,RW_FW_E_S6,2,55.0,0.0,103.824564,1.346639,4.0,10.210606,4240.446864503136
2100.0,FW_E,E,7,RW_FW_E_S7,2,58.0,0.0,114.493289,1.346639,4.0,10.767548,4931.247939941488
2100.0,FW_W,W,0,RW_FW_W_S0,26,136.0,2.0,70.739281,1.347212,4.0,25.237305,7141.07524031082
2100.0,FW_W,W,1,RW_FW_W_S1,26,137.0,2.0,70.731541,1.347212,4.0,25.422873,7192.795935749173
2100.0,FW_W,W,2,RW_FW_W_S2,26,150.0,0.0,60.432816,1.347212,4.0,27.835263,6728.653308762433
2100.0,FW_W,W,3,RW_FW_W_S3,26,108.0,0.0,80.6696,1.347212,4.0,20.041389,6466.9233362976
2100.0,FW_W,W,4,RW_FW_W_S4,26,105.0,1.0,78.477188,1.347212,4.0,19.484684,6116.412837554369
2100.0,FW_W,W,5,RW_FW_W_S5,26,143.0,0.0,58.592977,1.347212,4.0,26.536284,6219.359512309871
2100.0,FW_W,W,6,RW_FW_W_S6,26,84.0,0.0,95.741018,1.347212,4.0,15.587747,5969.547064425784
2100.0,FW_W,W,7,RW_FW_W_S7,26,84.0,0.0,110.153154,1.347212,4.0,15.587747,6868.157983216152
2160.0,FW_E,E,0,RW_FW_E_S0,2,142.0,0.0,77.506905,1.346639,4.0,26.361928,8172.92579645136
2160.0,FW_E,E,1,RW_FW_E_S1,2,116.0,2.0,78.145767,1.346639,4.0,21.535096,6731.506377354528
2160.0,FW_E,E,2,RW_FW_E_S2,2,106.0,0.0,92.384242,1.346639,4.0,19.678622,7271.978308298097
2160.0,FW_E,E,3,RW_FW_E_S3,2,135.0,1.0,65.23258,1.346639,4.0,25.062396,6539.53900824672
2160.0,FW_E,E,4,RW_FW_E_S4,2,71.0,0.0,105.475605,1.346639,4.0,13.180964,5561.08060953288
2160.0,FW_E,E,5,RW_FW_E_S5,2,119.0,0.0,71.862036,1.346639,4.0,22.092038,6350.315320277472
2160.0,FW_E,E,6,RW_FW_E_S6,2,69.0,0.0,105.177657,1.346639,4.0,12.809669,5389.163889462132
2160.0,FW_E,E,7,RW_FW_E_S7,2,54.0,0.0,115.797299,1.346639,4.0,10.024958,4643.452235953768
2160.0,FW_W,W,0,RW_FW_W_S0,26,130.0,0.0,77.219827,1.347212,4.0,24.123894,7451.371684985352
2160.0,FW_W,W,1,RW_FW_W_S1,26,130.0,1.0,65.335111,1.347212,4.0,24.123894,6304.549168968936
2160.0,FW_W,W,2,RW_FW_W_S2,26,156.0,1.0,64.797486,1.347212,4.0,28.948673,7503.204933744312
2160.0,FW_W,W,3,RW_FW_W_S3,26,106.0,0.0,84.507879,1.347212,4.0,19.670252,6649.165103662032
2160.0,FW_W,W,4,RW_FW_W_S4,26,100.0,2.0,79.983759,1.347212,4.0,18.556842,5936.983913316312
2160.0,FW_W,W,5,RW_FW_W_S5,26,126.0,0.0,52.08117,1.347212,4.0,23.381621,4870.96871270628
2160.0,FW_W,W,6,RW_FW_W_S6,26,101.0,1.0,93.872597,1.347212,4.0,18.74241,7037.59480295508
2160.0,FW_W,W,7,RW_FW_W_S7,26,77.0,0.0,109.634373,1.347212,4.0,14.288768,6266.160482489856
2220.0,FW_E,E,0,RW_FW_E_S0,2,142.0,0.0,70.122891,1.346639,4.0,26.361928,7394.298414775391
2220.0,FW_E,E,1,RW_FW_E_S1,2,127.0,3.0,75.326985,1.346639,4.0,23.577217,7104.00268520298
2220.0,FW_E,E,2,RW_FW_E_S2,2,109.0,0.0,91.599555,1.346639,4.0,20.235564,7414.2746302960795
2220.0,FW_E,E,3,RW_FW_E_S3,2,116.0,0.0,68.372019,1.346639,4.0,21.535096,5889.591971515295
2220.0,FW_E,E,4,RW_FW_E_S4,2,87.0,0.0,101.694848,1.346639,4.0,16.151322,6570.024943156223
2220.0,FW_E,E,5,RW_FW_E_S5,2,89.0,0.0,91.4228,1.346639,4.0,16.522617,6042.175637870399
2220.0,FW_E,E,6,RW_FW_E_S6,2,89.0,0.0,88.32307,1.346639,4.0,16.522617,5837.31303149676
2220.0,FW_E,E,7,RW_FW_E_S7,2,62.0,0.0,114.486834,1.346639,4.0,11.510137,5271.036576145032
2220.0,FW_W,W,0,RW_FW_W_S0,26,140.0,0.0,63.347134,1.347212,4.0,25.979579,6582.927488706344
2220.0,FW_W,W,1,RW_FW_W_S1,26,128.0,3.0,64.575374,1.347212,4.0,23.752758,6135.372925525968
2220.0,FW_W,W,2,RW_FW_W_S2,26,164.0,8.0,56.807544,1.347212,4.0,30.433221,6915.346164076896
2220.0,FW_W,W,3,RW_FW_W_S3,26,100.0,0.0,95.274906,1.347212,4.0,18.556842,7072.0055088274075
2220.0,FW_W,W,4,RW_FW_W_S4,26,102.0,1.0,75.244892,1.347212,4.0,18.927979,5696.934942533072
2220.0,FW_W,W,5,RW_FW_W_S5,26,167.0,2.0,51.29078,1.347212,4.0,30.989926,6357.98990672912
2220.0,FW_W,W,6,RW_FW_W_S6,26,50.0,0.0,88.203488,1.347212,4.0,9.278421,3273.5563813297917
2220.0,FW_W,W,7,RW_FW_W_S7,26,81.0,0.0,112.436345,1.347212,4.0,15.031042,6760.14169608596
2280.0,FW_E,E,0,RW_FW_E_S0,2,140.0,1.0,70.698449,1.346639,4.0,25.990633,7349.989766512867
2280.0,FW_E,E,1,RW_FW_E_S1,2,136.0,2.0,72.481693,1.346639,4.0,25.248043,7320.0836063071965
2280.0,FW_E,E,2,RW_FW_E_S2,2,106.0,0.0,82.492938,1.346639,4.0,19.678622,6493.389378285744
2280.0,FW_E,E,3,RW_FW_E_S3,2,118.0,1.0,72.923243,1.346639,4.0,21.906391,6389.940296584052
2280.0,FW_E,E,4,RW_FW_E_S4,2,76.0,0.0,98.01783,1.346639,4.0,14.109201,5531.813060215321
2280.0,FW_E,E,5,RW_FW_E_S5,2,104.0,0.0,75.937159,1.346639,4.0,19.307327,5864.5742410559715
2280.0,FW_E,E,6,RW_FW_E_S6,2,82.0,0.0,106.298804,1.346639,4.0,15.223085,6472.78291476136
2280.0,FW_E,E,7,RW_FW_E_S7,2,78.0,0.0,109.247728,1.346639,4.0,14.480496,6327.845153252352
2280.0,FW_W,W,0,RW_FW_W_S0,26,145.0,0.0,65.095613,1.347212,4.0,26.907421,7006.220256976292
2280.0,FW_W,W,1,RW_FW_W_S1,26,119.0,0.0,80.644203,1.347212,4.0,22.082642,7123.348256897304
2280.0,FW_W,W,2,RW_FW_W_S2,26,182.0,4.0,55.521978,1.347212,4.0,33.773452,7500.675435712224
2280.0,FW_W,W,3,RW_FW_W_S3,26,83.0,0.0,90.793024,1.347212,4.0,15.402179,5593.641630397185
2280.0,FW_W,W,4,RW_FW_W_S4,26,107.0,1.0,76.379943,1.347212,4.0,19.855821,6066.345904792812
2280.0,FW_W,W,5,RW_FW_W_S5,26,148.0,1.0,55.605977,1.347212,4.0,27.464126,6108.678234724408
2280.0,FW_W,W,6,RW_FW_W_S6,26,101.0,1.0,84.448406,1.347212,4.0,18.74241,6331.06659639384
2280.0,FW_W,W,7,RW_FW_W_S7,26,64.0,0.0,112.782676,1.347212,4.0,11.876379,5357.799219240816
2340.0,FW_E,E,0,RW_FW_E_S0,2,144.0,0.0,67.04989,1.346639,4.0,26.733222,7169.838377782321
2340.0,FW_E,E,1,RW_FW_E_S1,2,138.0,0.0,66.2759,1.346639,4.0,25.619338,6791.778733416799
2340.0,FW_E,E,2,RW_FW_E_S2,2,109.0,1.0,87.260048,1.346639,4.0,20.235564,7063.025143788288
2340.0,FW_E,E,3,RW_FW_E_S3,2,106.0,0.0,83.573199,1.346639,4.0,19.678622,6578.421569807112
2340.0,FW_E,E,4,RW_FW_E_S4,2,76.0,0.0,108.887057,1.346639,4.0,14.109201,6145.2374940458285
2340.0,FW_E,E,5,RW_FW_E_S5,2,115.0,0.0,67.229155,1.346639,4.0,21.349449,5741.2216639423805
2340.0,FW_E,E,6,RW_FW_E_S6,2,71.0,0.0,103.93225,1.346639,4.0,13.180964,5479.708982755999
2340.0,FW_E,E,7,RW_FW_E_S7,2,62.0,0.0,109.741999,1.346639,4.0,11.510137,5052.581772575452
2340.0,FW_W,W,0,RW_FW_W_S0,26,132.0,0.0,86.239915,1.347212,4.0,24.495031,8449.79756544946
2340.0,FW_W,W,1,RW_FW_W_S1,26,147.0,6.0,65.648929,1.347212,4.0,27.278557,7163.232206861811
2340.0,FW_W,W,2,RW_FW_W_S2,26,169.0,2.0,56.784348,1.347212,4.0,31.361063,7123.270060167696
2340.0,FW_W,W,3,RW_FW_W_S3,26,92.0,0.0,96.565282,1.347212,4.0,17.072294,6594.363537987631
2340.0,FW_W,W,4,RW_FW_W_S4,26,80.0,0.0,103.199186,1.347212,4.0,14.845473,6128.162917539912
2340.0,FW_W,W,5,RW_FW_W_S5,26,157.0,1.0,52.556741,1.347212,4.0,29.134242,6124.803244101288
2340.0,FW_W,W,6,RW_FW_W_S6,26,94.0,0.0,92.112153,1.347212,4.0,17.443431,6427.007940467773
2340.0,FW_W,W,7,RW_FW_W_S7,26,73.0,0.0,111.481859,1.347212,4.0,13.546495,6040.7537821368205
2400.0,FW_E,E,0,RW_FW_E_S0,2,142.0,3.0,64.504278,1.346639,4.0,26.361928,6801.828529311935
2400.0,FW_E,E,1,RW_FW_E_S1,2,137.0,0.0,70.482317,1.346639,4.0,25.433691,7170.501886168187
2400.0,FW_E,E,2,RW_FW_E_S2,2,107.0,0.0,82.531742,1.346639,4.0,19.864269,6557.730896506391
2400.0,FW_E,E,3,RW_FW_E_S3,2,120.0,0.0,67.426747,1.346639,4.0,22.277685,6008.447320962781
2400.0,FW_E,E,4,RW_FW_E_S4,2,82.0,0.0,97.86957,1.346639,4.0,15.223085,5959.5071320938
2400.0,FW_E,E,5,RW_FW_E_S5,2,111.0,0.0,61.721999,1.346639,4.0,20.606859,5087.586122364563
2400.0,FW_E,E,6,RW_FW_E_S6,2,56.0,0.0,103.408301,1.346639,4.0,10.396253,4300.235437984612
2400.0,FW_E,E,7,RW_FW_E_S7,2,65.0,0.0,116.083914,1.346639,4.0,12.06708,5603.17550780448
2400.0,FW_W,W,0,RW_FW_W_S0,26,131.0,2.0,65.537782,1.347212,4.0,24.309463,6372.753146524265
2400.0,FW_W,W,1,RW_FW_W_S1,26,155.0,2.0,65.147299,1.347212,4.0,28.763105,7495.35440641358
2400.0,FW_W,W,2,RW_FW_W_S2,26,167.0,2.0,56.001179,1.347212,4.0,30.989926,6941.889572491016
2400.0,FW_W,W,3,RW_FW_W_S3,26,89.0,0.0,99.923995,1.347212,4.0,16.515589,6601.21453063222
2400.0,FW_W,W,4,RW_FW_W_S4,26,78.0,0.0,96.883496,1.347212,4.0,14.474337,5609.297483368608
2400.0,FW_W,W,5,RW_FW_W_S5,26,155.0,1.0,53.7993,1.347212,4.0,28.763105,6189.739659306
2400.0,FW_W,W,6,RW_FW_W_S6,26,92.0,0.0,101.165541,1.347212,4.0,17.072294,6908.511434484216
2400.0,FW_W,W,7,RW_FW_W_S7,26,85.0,0.0,112.460482,1.347212,4.0,15.773316,7095.498880393247
2460.0,FW_E,E,0,RW_FW_E_S0,2,138.0,0.0,68.062979,1.346639,4.0,25.619338,6974.913857151608
2460.0,FW_E,E,1,RW_FW_E_S1,2,132.0,2.0,76.965765,1.346639,4.0,24.505454,7544.32405512924
2460.0,FW_E,E,2,RW_FW_E_S2,2,144.0,2.0,59.489057,1.346639,4.0,26.733222,6361.336669406616
2460.0,FW_E,E,3,RW_FW_E_S3,2,108.0,1.0,66.030525,1.346639,4.0,20.049917,5295.6261828657
2460.0,FW_E,E,4,RW_FW_E_S4,2,87.0,0.0,94.239974,1.346639,4.0,16.151322,6088.400661382512
2460.0,FW_E,E,5,RW_FW_E_S5,2,89.0,0.0,78.274035,1.346639,4.0,16.522617,5173.16760539838
2460.0,FW_E,E,6,RW_FW_E_S6,2,83.0,0.0,99.224446,1.346639,4.0,15.408732,6115.691585049888
2460.0,FW_E,E,7,RW_FW_E_S7,2,58.0,0.0,116.685073,1.346639,4.0,10.767548,5025.648497644016
2460.0,FW_W,W,0,RW_FW_W_S0,26,139.0,1.0,70.062033,1.347212,4.0,25.79401,7228.72311928932
2460.0,FW_W,W,1,RW_FW_W_S1,26,143.0,2.0,74.780685,1.347212,4.0,26.536284,7937.60597949816
2460.0,FW_W,W,2,RW_FW_W_S2,26,163.0,2.0,53.663733,1.347212,4.0,30.247652,6492.807683219664
2460.0,FW_W,W,3,RW_FW_W_S3,26,103.0,0.0,93.733224,1.347212,4.0,19.113547,7166.297529542113
2460.0,FW_W,W,4,RW_FW_W_S4,26,79.0,0.0,96.213821,1.347212,4.0,14.659905,5641.941902188019
2460.0,FW_W,W,5,RW_FW_W_S5,26,142.0,0.0,56.971353,1.347212,4.0,26.350715,6004.94354426958
2460.0,FW_W,W,6,RW_FW_W_S6,26,78.0,0.0,106.957319,1.347212,4.0,14.474337,6192.545119290012
2460.0,FW_W,W,7,RW_FW_W_S7,26,84.0,0.0,106.302131,1.347212,4.0,15.587747,6628.042894355428
2520.0,FW_E,E,0,RW_FW_E_S0,2,159.0,3.0,63.203806,1.346639,4.0,29.517933,7462.582843411992
2520.0,FW_E,E,1,RW_FW_E_S1,2,112.0,0.0,70.427943,1.346639,4.0,20.792506,5857.493709580632
2520.0,FW_E,E,2,RW_FW_E_S2,2,157.0,3.0,59.263117,1.346639,4.0,29.146638,6909.282471802584
2520.0,FW_E,E,3,RW_FW_E_S3,2,100.0,4.0,63.554559,1.346639,4.0,18.564738,4719.494946162167
2520.0,FW_E,E,4,RW_FW_E_S4,2,85.0,0.0,101.162928,1.346639,4.0,15.780027,6385.414940956224
2520.0,FW_E,E,5,RW_FW_E_S5,2,99.0,1.0,68.11747,1.346639,4.0,18.37909,5007.7484468092
2520.0,FW_E,E,6,RW_FW_E_S6,2,63.0,0.0,90.569184,1.346639,4.0,11.695785,4237.110814757761
2520.0,FW_E,E,7,RW_FW_E_S7,2,70.0,0.0,114.090804,1.346639,4.0,12.995316,5930.584202696256
2520.0,FW_W,W,0,RW_FW_W_S0,26,146.0,3.0,56.048871,1.347212,4.0,27.092989,6074.125781861676
2520.0,FW_W,W,1,RW_FW_W_S1,26,139.0,1.0,63.862404,1.347212,4.0,25.79401,6589.06994960016
2520.0,FW_W,W,2,RW_FW_W_S2,26,147.0,0.0,62.071997,1.347212,4.0,27.278557,6772.938033073317
2520.0,FW_W,W,3,RW_FW_W_S3,26,92.0,0.0,95.719076,1.347212,4.0,17.072294,6536.576827521376
2520.0,FW_W,W,4,RW_FW_W_S4,26,96.0,0.0,103.88666,1.347212,4.0,17.814568,7402.7838754515205
2520.0,FW_W,W,5,RW_FW_W_S5,26,131.0,0.0,57.178644,1.347212,4.0,24.309463,5559.928522832688
2520.0,FW_W,W,6,RW_FW_W_S6,26,92.0,0.0,92.339345,1.347212,4.0,17.072294,6305.777782429719
2520.0,FW_W,W,7,RW_FW_W_S7,26,77.0,0.0,112.050846,1.347212,4.0,14.288768,6404.274170790912
2580.0,FW_E,E,0,RW_FW_E_S0,2,167.0,1.0,56.549696,1.346639,4.0,31.003112,7012.866234615808
2580.0,FW_E,E,1,RW_FW_E_S1,2,112.0,0.0,76.278549,1.346639,4.0,20.792506,6344.088751015176
2580.0,FW_E,E,2,RW_FW_E_S2,2,160.0,3.0,57.762845,1.346639,4.0,29.703581,6863.05338099178
2580.0,FW_E,E,3,RW_FW_E_S3,2,133.0,8.0,48.025677,1.346639,4.0,24.691101,4743.227365601508
2580.0,FW_E,E,4,RW_FW_E_S4,2,55.0,0.0,99.63489,1.346639,4.0,10.210606,4069.33042257336
2580.0,FW_E,E,5,RW_FW_E_S5,2,96.0,0.0,73.428205,1.346639,4.0,17.822148,5234.59334753736
2580.0,FW_E,E,6,RW_FW_E_S6,2,70.0,0.0,105.704274,1.346639,4.0,12.995316,5494.641772722336
2580.0,FW_E,E,7,RW_FW_E_S7,2,64.0,0.0,116.57061,1.346639,4.0,11.881432,5540.10310365408
2580.0,FW_W,W,0,RW_FW_W_S0,26,141.0,0.0,74.275146,1.347212,4.0,26.165147,7773.680454145849
2580.0,FW_W,W,1,RW_FW_W_S1,26,149.0,3.0,70.438327,1.347212,4.0,27.649694,7790.392749687752
2580.0,FW_W,W,2,RW_FW_W_S2,26,162.0,7.0,51.834836,1.347212,4.0,30.062084,6233.052775832896
2580.0,FW_W,W,3,RW_FW_W_S3,26,89.0,0.0,93.737378,1.347212,4.0,16.515589,6192.512035942568
2580.0,FW_W,W,4,RW_FW_W_S4,26,81.0,1.0,90.530755,1.347212,4.0,15.031042,5443.086322786839
2580.0,FW_W,W,5,RW_FW_W_S5,26,147.0,1.0,55.653088,1.347212,4.0,27.278557,6072.543732936064
2580.0,FW_W,W,6,RW_FW_W_S6,26,84.0,0.0,90.922861,1.347212,4.0,15.587747,5669.130215136668
2580.0,FW_W,W,7,RW_FW_W_S7,26,64.0,0.0,115.224445,1.347212,4.0,11.876379,5473.79671553862
2640.0,FW_E,E,0,RW_FW_E_S0,2,174.0,1.0,56.38032,1.346639,4.0,32.302644,7284.93362226432
2640.0,FW_E,E,1,RW_FW_E_S1,2,110.0,0.0,90.28255,1.346639,4.0,20.421212,7374.7163738024
2640.0,FW_E,E,2,RW_FW_E_S2,2,186.0,12.0,46.5761,1.346639,4.0,34.530412,6433.1676894127995
2640.0,FW_E,E,3,RW_FW_E_S3,2,123.0,20.0,42.228521,1.346639,4.0,22.834628,3857.090272100752
2640.0,FW_E,E,4,RW_FW_E_S4,2,66.0,0.0,108.860526,1.346639,4.0,12.252727,5335.353224617607
2640.0,FW_E,E,5,RW_FW_E_S5,2,78.0,0.0,82.0603,1.346639,4.0,14.480496,4753.0953836352
2640.0,FW_E,E,6,RW_FW_E_S6,2,58.0,0.0,100.948642,1.346639,4.0,10.767548,4347.877393079264
2640.0,FW_E,E,7,RW_FW_E_S7,2,56.0,0.0,115.249412,1.346639,4.0,10.396253,4792.648181012944
2640.0,FW_W,W,0,RW_FW_W_S0,26,135.0,0.0,75.39289,1.347212,4.0,25.051736,7554.891106228159
2640.0,FW_W,W,1,RW_FW_W_S1,26,176.0,5.0,52.697315,1.347212,4.0,32.660042,6884.3860847489195
2640.0,FW_W,W,2,RW_FW_W_S2,26,133.0,0.0,60.447697,1.347212,4.0,24.6806,5967.5417223128
2640.0,FW_W,W,3,RW_FW_W_S3,26,86.0,0.0,104.007167,1.347212,4.0,15.958884,6639.353253286511
2640.0,FW_W,W,4,RW_FW_W_S4,26,101.0,0.0,85.157305,1.347212,4.0,18.74241,6384.2124992202
2640.0,FW_W,W,5,RW_FW_W_S5,26,146.0,0.0,50.862347,1.347212,4.0,27.092989,5512.052031140732
2640.0,FW_W,W,6,RW_FW_W_S6,26,79.0,0.0,99.048671,1.347212,4.0,14.659905,5808.17642894502
2640.0,FW_W,W,7,RW_FW_W_S7,26,68.0,0.0,112.951865,1.347212,4.0,12.618652,5701.2011087439205
2700.0,FW_E,E,0,RW_FW_E_S0,2,180.0,8.0,49.993573,1.346639,4.0,33.416528,6682.446527898175
2700.0,FW_E,E,1,RW_FW_E_S1,2,117.0,2.0,73.883877,1.346639,4.0,21.720743,6419.250816642443
2700.0,FW_E,E,2,RW_FW_E_S2,2,215.0,28.0,38.103203,1.346639,4.0,39.914186,6083.4333269510325
2700.0,FW_E,E,3,RW_FW_E_S3,2,145.0,10.0,46.365244,1.346639,4.0,26.91887,4992.399903017119
2700.0,FW_E,E,4,RW_FW_E_S4,2,41.0,0.0,109.637327,1.346639,4.0,7.611543,3338.036915462244
2700.0,FW_E,E,5,RW_FW_E_S5,2,73.0,0.0,85.722783,1.346639,4.0,13.552259,4646.949429667188
2700.0,FW_E,E,6,RW_FW_E_S6,2,55.0,0.0,105.878559,1.346639,4.0,10.210606,4324.336999187016
2700.0,FW_E,E,7,RW_FW_E_S7,2,69.0,0.0,115.830752,1.346639,4.0,12.809669,5935.014372564352
2700.0,FW_W,W,0,RW_FW_W_S0,26,134.0,0.0,79.381522,1.347212,4.0,24.866168,7895.657048590784
2700.0,FW_W,W,1,RW_FW_W_S1,26,184.0,11.0,45.041568,1.347212,4.0,34.144589,6151.703309102209
2700.0,FW_W,W,2,RW_FW_W_S2,26,139.0,6.0,56.17814,1.347212,4.0,25.79401,5796.2380197656
2700.0,FW_W,W,3,RW_FW_W_S3,26,104.0,0.0,93.231632,1.347212,4.0,19.299116,7197.152323349249
2700.0,FW_W,W,4,RW_FW_W_S4,26,77.0,0.0,72.75576,1.347212,4.0,14.288768,4158.3607012147195
2700.0,FW_W,W,5,RW_FW_W_S5,26,128.0,1.0,48.477005,1.347212,4.0,23.752758,4605.85027331916
2700.0,FW_W,W,6,RW_FW_W_S6,26,108.0,1.0,88.117972,1.347212,4.0,20.041389,7064.026218972431
2700.0,FW_W,W,7,RW_FW_W_S7,26,65.0,0.0,112.475462,1.347212,4.0,12.061947,5426.692245778056
2760.0,FW_E,E,0,RW_FW_E_S0,2,184.0,3.0,50.712223,1.346639,4.0,34.159118,6929.139237997256
2760.0,FW_E,E,1,RW_FW_E_S1,2,92.0,0.0,96.610944,1.346639,4.0,17.079559,6600.289272374785
2760.0,FW_E,E,2,RW_FW_E_S2,2,255.0,28.0,33.999707,1.346639,4.0,47.340081,6438.195533425068
2760.0,FW_E,E,3,RW_FW_E_S3,2,143.0,4.0,43.247695,1.346639,4.0,26.547575,4592.4857063585
2760.0,FW_E,E,4,RW_FW_E_S4,2,60.0,0.0,109.116417,1.346639,4.0,11.138843,4861.7225507421235
2760.0,FW_E,E,5,RW_FW_E_S5,2,64.0,0.0,82.135127,1.346639,4.0,11.881432,3903.531705047456
2760.0,FW_E,E,6,RW_FW_E_S6,2,52.0,0.0,104.286123,1.346639,4.0,9.653664,4026.972765218688
2760.0,FW_E,E,7,RW_FW_E_S7,2,53.0,0.0,115.849997,1.346639,4.0,9.839311,4559.5365993282685
2760.0,FW_W,W,0,RW_FW_W_S0,26,151.0,3.0,60.418108,1.347212,4.0,28.020831,6771.862374430992
2760.0,FW_W,W,1,RW_FW_W_S1,26,171.0,4.0,52.317583,1.347212,4.0,31.7322,6640.608029090399
2760.0,FW_W,W,2,RW_FW_W_S2,26,148.0,3.0,61.558268,1.347212,4.0,27.464126,6762.576114775072
2760.0,FW_W,W,3,RW_FW_W_S3,26,80.0,0.0,102.20784,1.347212,4.0,14.845473,6069.29491643328
2760.0,FW_W,W,4,RW_FW_W_S4,26,105.0,0.0,73.414906,1.347212,4.0,19.484684,5721.864977198817
2760.0,FW_W,W,5,RW_FW_W_S5,26,133.0,4.0,55.133517,1.347212,4.0,24.6806,5442.913118680799
2760.0,FW_W,W,6,RW_FW_W_S6,26,68.0,0.0,98.660845,1.347212,4.0,12.618652,4979.8674763237605
2760.0,FW_W,W,7,RW_FW_W_S7,26,85.0,0.0,110.104593,1.347212,4.0,15.773316,6946.858153761551
2820.0,FW_E,E,0,RW_FW_E_S0,2,179.0,2.0,53.566397,1.346639,4.0,33.230881,7120.234257223027
2820.0,FW_E,E,1,RW_FW_E_S1,2,105.0,0.0,101.989762,1.346639,4.0,19.492975,7952.335523687801
2820.0,FW_E,E,2,RW_FW_E_S2,2,276.0,39.0,26.743686,1.346639,4.0,51.238676,5481.244247998944
2820.0,FW_E,E,3,RW_FW_E_S3,2,132.0,7.0,50.844109,1.346639,4.0,24.505454,4983.831897081945
2820.0,FW_E,E,4,RW_FW_E_S4,2,65.0,0.0,103.96238,1.346639,4.0,12.06708,5018.0894258016
2820.0,FW_E,E,5,RW_FW_E_S5,2,85.0,0.0,76.960733,1.346639,4.0,15.780027,4857.769778719165
2820.0,FW_E,E,6,RW_FW_E_S6,2,37.0,0.0,112.072308,1.346639,4.0,6.868953,3079.2776650140963
2820.0,FW_E,E,7,RW_FW_E_S7,2,39.0,0.0,116.141984,1.346639,4.0,7.240248,3363.587069488128
2820.0,FW_W,W,0,RW_FW_W_S0,26,160.0,3.0,61.35317,1.347212,4.0,29.690947,7286.53487500796
2820.0,FW_W,W,1,RW_FW_W_S1,26,157.0,0.0,56.378196,1.347212,4.0,29.134242,6570.144023149728
2820.0,FW_W,W,2,RW_FW_W_S2,26,138.0,1.0,61.616467,1.347212,4.0,25.608442,6311.606885657656
2820.0,FW_W,W,3,RW_FW_W_S3,26,92.0,0.0,97.948723,1.347212,4.0,17.072294,6688.837583922248
2820.0,FW_W,W,4,RW_FW_W_S4,26,96.0,2.0,73.196425,1.347212,4.0,17.814568,5215.850762077601
2820.0,FW_W,W,5,RW_FW_W_S5,26,125.0,0.0,55.90268,1.347212,4.0,23.196052,5186.88588887744
2820.0,FW_W,W,6,RW_FW_W_S6,26,94.0,0.0,99.379786,1.347212,4.0,17.443431,6934.097759543064
2820.0,FW_W,W,7,RW_FW_W_S7,26,53.0,0.0,113.075273,1.347212,4.0,9.835126,4448.438229757592
2880.0,FW_E,E,0,RW_FW_E_S0,2,184.0,5.0,49.98135,1.346639,4.0,34.159118,6829.275329797199
2880.0,FW_E,E,1,RW_FW_E_S1,2,113.0,0.0,83.53394,1.346639,4.0,20.978154,7009.55143018704
2880.0,FW_E,E,2,RW_FW_E_S2,2,288.0,36.0,25.528298,1.346639,4.0,53.466445,5459.6293638424395
2880.0,FW_E,E,3,RW_FW_E_S3,2,151.0,2.0,55.33167,1.346639,4.0,28.032754,6204.39637407672
2880.0,FW_E,E,4,RW_FW_E_S4,2,76.0,0.0,95.29253,1.346639,4.0,14.109201,5378.00583827412
2880.0,FW_E,E,5,RW_FW_E_S5,2,64.0,0.0,70.980178,1.346639,4.0,11.881432,3373.384633019584
2880.0,FW_E,E,6,RW_FW_E_S6,2,65.0,0.0,105.858101,1.346639,4.0,12.06708,5109.592693660321
2880.0,FW_E,E,7,RW_FW_E_S7,2,38.0,0.0,115.963254,1.346639,4.0,7.0546,3272.2974866736
2880.0,FW_W,W,0,RW_FW_W_S0,26,160.0,1.0,58.367734,1.347212,4.0,29.690947,6931.973186816392
2880.0,FW_W,W,1,RW_FW_W_S1,26,154.0,2.0,62.773801,1.347212,4.0,28.577536,7175.6822317373435
2880.0,FW_W,W,2,RW_FW_W_S2,26,154.0,3.0,51.889873,1.347212,4.0,28.577536,5931.538854771712
2880.0,FW_W,W,3,RW_FW_W_S3,26,93.0,0.0,98.333028,1.347212,4.0,17.257863,6788.071702396656
2880.0,FW_W,W,4,RW_FW_W_S4,26,120.0,4.0,59.442796,1.347212,4.0,22.26821,5294.73865726064
2880.0,FW_W,W,5,RW_FW_W_S5,26,139.0,3.0,47.448712,1.347212,4.0,25.79401,4895.57020726048
2880.0,FW_W,W,6,RW_FW_W_S6,26,54.0,0.0,97.242332,1.347212,4.0,10.020695,3897.74300024296
2880.0,FW_W,W,7,RW_FW_W_S7,26,78.0,0.0,111.622137,1.347212,4.0,14.474337,6462.6257103926755
2940.0,FW_E,E,0,RW_FW_E_S0,2,162.0,1.0,64.348227,1.346639,4.0,30.074875,7741.0595339864985
2940.0,FW_E,E,1,RW_FW_E_S1,2,134.0,1.0,68.164126,1.346639,4.0,24.876749,6782.807413225496
2940.0,FW_E,E,2,RW_FW_E_S2,2,284.0,34.0,25.244096,1.346639,4.0,52.723855,5323.8642284403195
2940.0,FW_E,E,3,RW_FW_E_S3,2,142.0,4.0,55.010925,1.346639,4.0,26.361928,5800.7761762536
2940.0,FW_E,E,4,RW_FW_E_S4,2,84.0,0.0,99.59325,1.346639,4.0,15.59438,6212.379943739999
2940.0,FW_E,E,5,RW_FW_E_S5,2,87.0,0.0,70.120719,1.346639,4.0,16.151322,4530.169245762072
2940.0,FW_E,E,6,RW_FW_E_S6,2,38.0,0.0,110.526976,1.346639,4.0,7.0546,3118.8944195584
2940.0,FW_E,E,7,RW_FW_E_S7,2,63.0,0.0,110.963616,1.346639,4.0,11.695785,5191.22638223424
2940.0,FW_W,W,0,RW_FW_W_S0,26,160.0,0.0,59.885063,1.347212,4.0,29.690947,7112.176926498644
2940.0,FW_W,W,1,RW_FW_W_S1,26,176.0,7.0,51.174463,1.347212,4.0,32.660042,6685.440443629784
2940.0,FW_W,W,2,RW_FW_W_S2,26,137.0,0.0,66.794052,1.347212,4.0,25.422873,6792.386804605583
2940.0,FW_W,W,3,RW_FW_W_S3,26,84.0,0.0,102.469231,1.347212,4.0,15.587747,6389.057792450228
2940.0,FW_W,W,4,RW_FW_W_S4,26,138.0,7.0,64.358212,1.347212,4.0,25.608442,6592.454156902815
2940.0,FW_W,W,5,RW_FW_W_S5,26,128.0,0.0,58.449207,1.347212,4.0,23.752758,5553.319476651624
2940.0,FW_W,W,6,RW_FW_W_S6,26,71.0,0.0,97.518399,1.347212,4.0,13.175358,5139.359273647367
2940.0,FW_W,W,7,RW_FW_W_S7,26,51.0,0.0,115.713499,1.347212,4.0,9.463989,4380.4451267500435
3000.0,FW_E,E,0,RW_FW_E_S0,2,157.0,0.0,57.624652,1.346639,4.0,29.146638,6718.259486879903
3000.0,FW_E,E,1,RW_FW_E_S1,2,185.0,7.0,47.25496,1.346639,4.0,34.344765,6491.8419851376
3000.0,FW_E,E,2,RW_FW_E_S2,2,252.0,19.0,32.730737,1.346639,4.0,46.783139,6124.986474573771
3000.0,FW_E,E,3,RW_FW_E_S3,2,161.0,12.0,42.944975,1.346639,4.0,29.889228,5134.3685969172
3000.0,FW_E,E,4,RW_FW_E_S4,2,69.0,0.0,97.019891,1.346639,4.0,12.809669,4971.170760504316
3000.0,FW_E,E,5,RW_FW_E_S5,2,112.0,0.0,67.793109,1.346639,4.0,20.792506,5638.354502564616
3000.0,FW_E,E,6,RW_FW_E_S6,2,52.0,0.0,107.941356,1.346639,4.0,9.653664,4168.118330113535
3000.0,FW_E,E,7,RW_FW_E_S7,2,37.0,0.0,118.537417,1.346639,4.0,6.868953,3256.9117844576044
3000.0,FW_W,W,0,RW_FW_W_S0,26,175.0,3.0,55.701713,1.347212,4.0,32.474473,7235.535099488997
3000.0,FW_W,W,1,RW_FW_W_S1,26,169.0,6.0,52.334159,1.347212,4.0,31.361063,6565.019429804068
3000.0,FW_W,W,2,RW_FW_W_S2,26,131.0,4.0,66.606238,1.347212,4.0,24.309463,6476.6475129207765
3000.0,FW_W,W,3,RW_FW_W_S3,26,87.0,0.0,101.236886,1.347212,4.0,16.144452,6537.656186625888
3000.0,FW_W,W,4,RW_FW_W_S4,26,131.0,11.0,51.193248,1.347212,4.0,24.309463,4977.921472423296
3000.0,FW_W,W,5,RW_FW_W_S5,26,123.0,0.0,59.959328,1.347212,4.0,22.824915,5474.26626022848
3000.0,FW_W,W,6,RW_FW_W_S6,26,94.0,0.0,96.299651,1.347212,4.0,17.443431,6719.185270170324
3000.0,FW_W,W,7,RW_FW_W_S7,26,66.0,0.0,114.815295,1.347212,4.0,12.247516,5624.80865022888
3060.0,FW_E,E,0,RW_FW_E_S0,2,164.0,4.0,59.468697,1.346639,4.0,30.44617,7242.3762341619595
3060.0,FW_E,E,1,RW_FW_E_S1,2,205.0,17.0,45.236036,1.346639,4.0,38.057713,6886.3203013826715
3060.0,FW_E,E,2,RW_FW_E_S2,2,257.0,22.0,33.458345,1.346639,4.0,47.711376,6385.374714530881
3060.0,FW_E,E,3,RW_FW_E_S3,2,125.0,14.0,46.842928,1.346639,4.0,23.205922,4348.133333678465
3060.0,FW_E,E,4,RW_FW_E_S4,2,94.0,0.0,99.770533,1.346639,4.0,17.450854,6964.324019540728
3060.0,FW_E,E,5,RW_FW_E_S5,2,96.0,0.0,72.787378,1.346639,4.0,17.822148,5188.909692991776
3060.0,FW_E,E,6,RW_FW_E_S6,2,71.0,0.0,104.048471,1.346639,4.0,13.180964,5485.8366020241765
3060.0,FW_E,E,7,RW_FW_E_S7,2,45.0,0.0,114.745232,1.346639,4.0,8.354132,3834.387257994496
3060.0,FW_W,W,0,RW_FW_W_S0,26,169.0,2.0,54.858558,1.347212,4.0,31.361063,6881.690774108617
3060.0,FW_W,W,1,RW_FW_W_S1,26,177.0,5.0,48.992905,1.347212,4.0,32.84561,6436.8074015882
3060.0,FW_W,W,2,RW_FW_W_S2,26,146.0,5.0,59.110597,1.347212,4.0,27.092989,6405.931017217732
3060.0,FW_W,W,3,RW_FW_W_S3,26,69.0,0.0,101.78915,1.347212,4.0,12.804221,5213.3230880086
3060.0,FW_W,W,4,RW_FW_W_S4,26,153.0,9.0,49.018881,1.347212,4.0,28.391968,5566.970002991232
3060.0,FW_W,W,5,RW_FW_W_S5,26,117.0,0.0,60.376795,1.347212,4.0,21.711505,5243.4843461059
3060.0,FW_W,W,6,RW_FW_W_S6,26,73.0,0.0,108.161734,1.347212,4.0,13.546495,5860.84955528932
3060.0,FW_W,W,7,RW_FW_W_S7,26,76.0,0.0,112.476106,1.347212,4.0,14.1032,6345.092072556799
3120.0,FW_E,E,0,RW_FW_E_S0,2,153.0,0.0,69.808793,1.346639,4.0,28.404049,7931.4095080114275
3120.0,FW_E,E,1,RW_FW_E_S1,2,235.0,16.0,34.926045,1.346639,4.0,43.627134,6094.89298122012
3120.0,FW_E,E,2,RW_FW_E_S2,2,261.0,18.0,30.791671,1.346639,4.0,48.453966,5967.914318868744
3120.0,FW_E,E,3,RW_FW_E_S3,2,145.0,11.0,41.939916,1.346639,4.0,26.91887,4515.900586459679
3120.0,FW_E,E,4,RW_FW_E_S4,2,50.0,0.0,109.259305,1.346639,4.0,9.282369,4056.7407427741796
3120.0,FW_E,E,5,RW_FW_E_S5,2,81.0,1.0,78.935541,1.346639,4.0,15.037438,4747.953215135832
3120.0,FW_E,E,6,RW_FW_E_S6,2,74.0,0.0,90.306663,1.346639,4.0,13.737906,4962.497789870712
3120.0,FW_E,E,7,RW_FW_E_S7,2,75.0,0.0,115.060768,1.346639,4.0,13.923553,6408.218805874816
3120.0,FW_W,W,0,RW_FW_W_S0,26,172.0,0.0,58.444843,1.347212,4.0,31.917768,7461.715758681696
3120.0,FW_W,W,1,RW_FW_W_S1,26,173.0,7.0,52.641426,1.347212,4.0,32.103336,6759.861545588544
3120.0,FW_W,W,2,RW_FW_W_S2,26,145.0,5.0,59.237262,1.347212,4.0,26.907421,6375.687790085208
3120.0,FW_W,W,3,RW_FW_W_S3,26,91.0,0.0,95.576953,1.347212,4.0,16.886726,6455.927268903512
3120.0,FW_W,W,4,RW_FW_W_S4,26,153.0,2.0,53.612191,1.347212,4.0,28.391968,6088.622445127552
3120.0,FW_W,W,5,RW_FW_W_S5,26,116.0,0.0,57.247172,1.347212,4.0,21.525937,4929.196071600656
3120.0,FW_W,W,6,RW_FW_W_S6,26,67.0,0.0,103.94047,1.347212,4.0,12.433084,5169.2023780379195
3120.0,FW_W,W,7,RW_FW_W_S7,26,58.0,0.0,116.540325,1.347212,4.0,10.762968,5017.2791547384
3180.0,FW_E,E,0,RW_FW_E_S0,2,150.0,0.0,65.800529,1.346639,4.0,27.847107,7329.417486878412
3180.0,FW_E,E,1,RW_FW_E_S1,2,257.0,27.0,30.98315,1.346639,4.0,47.711376,5912.9948772576
3180.0,FW_E,E,2,RW_FW_E_S2,2,268.0,19.0,28.813196,1.346639,4.0,49.753497,5734.229042985648
3180.0,FW_E,E,3,RW_FW_E_S3,2,150.0,2.0,53.425323,1.346639,4.0,27.847107,5950.962744362244
3180.0,FW_E,E,4,RW_FW_E_S4,2,65.0,0.0,105.310182,1.346639,4.0,12.06708,5083.14556403424
3180.0,FW_E,E,5,RW_FW_E_S5,2,58.0,0.0,82.084859,1.346639,4.0,10.767548,3535.4106374229277
3180.0,FW_E,E,6,RW_FW_E_S6,2,72.0,0.0,92.315429,1.346639,4.0,13.366611,4935.777714964476
3180.0,FW_E,E,7,RW_FW_E_S7,2,72.0,0.0,111.756876,1.346639,4.0,13.366611,5975.242752268945
3180.0,FW_W,W,0,RW_FW_W_S0,26,156.0,0.0,59.032318,1.347212,4.0,28.948673,6835.629080856055
3180.0,FW_W,W,1,RW_FW_W_S1,26,186.0,11.0,49.614466,1.347212,4.0,34.515726,6849.917256369265
3180.0,FW_W,W,2,RW_FW_W_S2,26,146.0,3.0,57.695609,1.347212,4.0,27.092989,6252.585999941203
3180.0,FW_W,W,3,RW_FW_W_S3,26,95.0,0.0,92.956407,1.347212,4.0,17.629,6554.913996012
3180.0,FW_W,W,4,RW_FW_W_S4,26,169.0,28.0,41.272679,1.347212,4.0,31.361063,5177.420345191108
3180.0,FW_W,W,5,RW_FW_W_S5,26,112.0,0.0,63.559363,1.347212,4.0,20.783663,5283.985524346676
3180.0,FW_W,W,6,RW_FW_W_S6,26,76.0,0.0,97.122015,1.347212,4.0,14.1032,5478.924807792
3180.0,FW_W,W,7,RW_FW_W_S7,26,50.0,0.0,115.050962,1.347212,4.0,9.278421,4269.965047564008
3240.0,FW_E,E,0,RW_FW_E_S0,2,156.0,1.0,54.380125,1.346639,4.0,28.960991,6299.6092428155
3240.0,FW_E,E,1,RW_FW_E_S1,2,252.0,20.0,37.882527,1.346639,4.0,46.783139,7089.0541052490125
3240.0,FW_E,E,2,RW_FW_E_S2,2,291.0,26.0,26.506453,1.346639,4.0,54.023387,5727.873473665244
3240.0,FW_E,E,3,RW_FW_E_S3,2,115.0,0.0,58.016461,1.346639,4.0,21.349449,4954.477901119956
3240.0,FW_E,E,4,RW_FW_E_S4,2,93.0,0.0,100.242244,1.346639,4.0,17.265206,6922.811970249056
3240.0,FW_E,E,5,RW_FW_E_S5,2,55.0,0.0,92.341754,1.346639,4.0,10.210606,3771.4610697716957
3240.0,FW_E,E,6,RW_FW_E_S6,2,49.0,0.0,115.22138,1.346639,4.0,9.096722,4192.547449265439
3240.0,FW_E,E,7,RW_FW_E_S7,2,58.0,0.0,113.817547,1.346639,4.0,10.767548,4902.143602259024
3240.0,FW_W,W,0,RW_FW_W_S0,26,173.0,2.0,51.572586,1.347212,4.0,32.103336,6622.608226987584
3240.0,FW_W,W,1,RW_FW_W_S1,26,177.0,14.0,46.382483,1.347212,4.0,32.84561,6093.84378979852
3240.0,FW_W,W,2,RW_FW_W_S2,26,139.0,0.0,61.869479,1.347212,4.0,25.79401,6383.4478400831595
3240.0,FW_W,W,3,RW_FW_W_S3,26,81.0,0.0,100.885386,1.347212,4.0,15.031042,6065.6498966088475
3240.0,FW_W,W,4,RW_FW_W_S4,26,203.0,30.0,35.009785,1.347212,4.0,37.670389,5275.32887902546
3240.0,FW_W,W,5,RW_FW_W_S5,26,97.0,0.0,64.053661,1.347212,4.0,18.000137,4611.898693406228
3240.0,FW_W,W,6,RW_FW_W_S6,26,69.0,0.0,103.175966,1.347212,4.0,12.804221,5284.351482209944
3240.0,FW_W,W,7,RW_FW_W_S7,26,82.0,0.0,113.50684,1.347212,4.0,15.21661,6908.757266449599
3300.0,FW_E,E,0,RW_FW_E_S0,2,155.0,2.0,60.363779,1.346639,4.0,28.775344,6947.954023459904
3300.0,FW_E,E,1,RW_FW_E_S1,2,276.0,22.0,30.052322,1.346639,4.0,51.238676,6159.364760022688
3300.0,FW_E,E,2,RW_FW_E_S2,2,286.0,32.0,25.090106,1.346639,4.0,53.09515,5328.6517663436
3300.0,FW_E,E,3,RW_FW_E_S3,2,144.0,10.0,45.474649,1.346639,4.0,26.733222,4862.735548356312
3300.0,FW_E,E,4,RW_FW_E_S4,2,54.0,0.0,105.125918,1.346639,4.0,10.024958,4215.531650645776
3300.0,FW_E,E,5,RW_FW_E_S5,2,88.0,0.0,88.871767,1.346639,4.0,16.336969,5807.581209816893
3300.0,FW_E,E,6,RW_FW_E_S6,2,38.0,0.0,114.650651,1.346639,4.0,7.0546,3235.2579301784
3300.0,FW_E,E,7,RW_FW_E_S7,2,41.0,0.0,118.684311,1.346639,4.0,7.611543,3613.482946407492
3300.0,FW_W,W,0,RW_FW_W_S0,26,191.0,3.0,48.724793,1.347212,4.0,35.443568,6907.9220559256955
3300.0,FW_W,W,1,RW_FW_W_S1,26,171.0,2.0,54.883957,1.347212,4.0,31.7322,6966.3548012616
3300.0,FW_W,W,2,RW_FW_W_S2,26,135.0,1.0,67.5379,1.347212,4.0,25.051736,6767.766563177599
3300.0,FW_W,W,3,RW_FW_W_S3,26,85.0,0.0,93.147357,1.347212,4.0,15.773316,5876.9707861032475
3300.0,FW_W,W,4,RW_FW_W_S4,26,225.0,31.0,29.631955,1.347212,4.0,41.752894,4948.87950451108
3300.0,FW_W,W,5,RW_FW_W_S5,26,108.0,3.0,59.135362,1.347212,4.0,20.041389,4740.619173991272
3300.0,FW_W,W,6,RW_FW_W_S6,26,52.0,0.0,104.511456,1.347212,4.0,9.649558,4033.957425345792
3300.0,FW_W,W,7,RW_FW_W_S7,26,66.0,0.0,117.535866,1.347212,4.0,12.247516,5758.089597635423
3360.0,FW_E,E,0,RW_FW_E_S0,2,178.0,3.0,52.914276,1.346639,4.0,33.045233,6994.258317785233
3360.0,FW_E,E,1,RW_FW_E_S1,2,289.0,38.0,26.460659,1.346639,4.0,53.652092,5678.678844194512
3360.0,FW_E,E,2,RW_FW_E_S2,2,278.0,12.0,29.405857,1.346639,4.0,51.609971,6070.541708000588
3360.0,FW_E,E,3,RW_FW_E_S3,2,143.0,17.0,45.335969,1.346639,4.0,26.547575,4814.2401489007
3360.0,FW_E,E,4,RW_FW_E_S4,2,62.0,0.0,108.066982,1.346639,4.0,11.510137,4975.463071986136
3360.0,FW_E,E,5,RW_FW_E_S5,2,77.0,0.0,74.422866,1.346639,4.0,14.294848,4255.454228777472
3360.0,FW_E,E,6,RW_FW_E_S6,2,65.0,0.0,104.427555,1.346639,4.0,12.06708,5040.5426415576
3360.0,FW_E,E,7,RW_FW_E_S7,2,40.0,0.0,115.248648,1.346639,4.0,7.425895,3423.29743575984
3360.0,FW_W,W,0,RW_FW_W_S0,26,187.0,3.0,55.2888,1.347212,4.0,34.701294,7674.3716148287995
3360.0,FW_W,W,1,RW_FW_W_S1,26,177.0,10.0,55.120607,1.347212,4.0,32.84561,7241.8798419410805
3360.0,FW_W,W,2,RW_FW_W_S2,26,153.0,2.0,67.581962,1.347212,4.0,28.391968,7675.139609924864
3360.0,FW_W,W,3,RW_FW_W_S3,26,70.0,0.0,106.099724,1.347212,4.0,12.989789,5512.852110872944
3360.0,FW_W,W,4,RW_FW_W_S4,26,237.0,35.0,25.965024,1.347212,4.0,43.979715,4567.73742195264
3360.0,FW_W,W,5,RW_FW_W_S5,26,97.0,0.0,72.946331,1.347212,4.0,18.000137,5252.175806589387
3360.0,FW_W,W,6,RW_FW_W_S6,26,77.0,0.0,98.087283,1.347212,4.0,14.288768,5606.185722149376
3360.0,FW_W,W,7,RW_FW_W_S7,26,53.0,0.0,113.812096,1.347212,4.0,9.835126,4477.425217936384
3420.0,FW_E,E,0,RW_FW_E_S0,2,218.0,18.0,38.104751,1.346639,4.0,40.471128,6168.569020516512
3420.0,FW_E,E,1,RW_FW_E_S1,2,268.0,21.0,32.20392,1.346639,4.0,49.753497,6409.03054843296
3420.0,FW_E,E,2,RW_FW_E_S2,2,283.0,30.0,26.353812,1.346639,4.0,52.538208,5538.328225795584
3420.0,FW_E,E,3,RW_FW_E_S3,2,147.0,14.0,43.147141,1.346639,4.0,27.290165,4709.9703886730595
3420.0,FW_E,E,4,RW_FW_E_S4,2,63.0,0.0,101.395079,1.346639,4.0,11.695785,4743.5801761680605
3420.0,FW_E,E,5,RW_FW_E_S5,2,79.0,0.0,83.497984,1.346639,4.0,14.666143,4898.373494222848
3420.0,FW_E,E,6,RW_FW_E_S6,2,58.0,0.0,110.656027,1.346639,4.0,10.767548,4765.976328847184
3420.0,FW_E,E,7,RW_FW_E_S7,2,55.0,0.0,108.804904,1.346639,4.0,10.210606,4443.856022447296
3420.0,FW_W,W,0,RW_FW_W_S0,26,191.0,2.0,47.571269,1.347212,4.0,35.443568,6744.382030591168
3420.0,FW_W,W,1,RW_FW_W_S1,26,173.0,7.0,54.097308,1.347212,4.0,32.103336,6946.816221677952
3420.0,FW_W,W,2,RW_FW_W_S2,26,169.0,5.0,52.840123,1.347212,4.0,31.361063,6628.489705322996
3420.0,FW_W,W,3,RW_FW_W_S3,26,96.0,0.0,84.657548,1.347212,4.0,17.814568,6032.550582237057
3420.0,FW_W,W,4,RW_FW_W_S4,26,216.0,17.0,31.527573,1.347212,4.0,40.082778,5054.850837751176
3420.0,FW_W,W,5,RW_FW_W_S5,26,111.0,1.0,63.944141,1.347212,4.0,20.598094,5268.509708269016
3420.0,FW_W,W,6,RW_FW_W_S6,26,60.0,0.0,100.620236,1.347212,4.0,11.134105,4481.26509099512
3420.0,FW_W,W,7,RW_FW_W_S7,26,70.0,0.0,114.986022,1.347212,4.0,12.989789,5974.576654917432
3480.0,FW_E,E,0,RW_FW_E_S0,2,223.0,13.0,37.483715,1.346639,4.0,41.399365,6207.2079953638995
3480.0,FW_E,E,1,RW_FW_E_S1,2,296.0,34.0,24.762992,1.346639,4.0,54.951624,5443.0665019960325
3480.0,FW_E,E,2,RW_FW_E_S2,2,279.0,24.0,26.883373,1.346639,4.0,51.795619,5569.763781371548
3480.0,FW_E,E,3,RW_FW_E_S3,2,140.0,7.0,47.475976,1.346639,4.0,25.990633,4935.722674131232
3480.0,FW_E,E,4,RW_FW_E_S4,2,58.0,0.0,110.845352,1.346639,4.0,10.767548,4774.130592947584
3480.0,FW_E,E,5,RW_FW_E_S5,2,71.0,0.0,91.626193,1.346639,4.0,13.180964,4830.886205560208
3480.0,FW_E,E,6,RW_FW_E_S6,2,62.0,0.0,102.314947,1.346639,4.0,11.510137,4710.636228470957
3480.0,FW_E,E,7,RW_FW_E_S7,2,49.0,0.0,118.783963,1.346639,4.0,9.096722,4322.178757877144
3480.0,FW_W,W,0,RW_FW_W_S0,26,190.0,3.0,49.162059,1.347212,4.0,35.257999,6933.423308239763
3480.0,FW_W,W,1,RW_FW_W_S1,26,169.0,3.0,59.545098,1.347212,4.0,31.361063,7469.590278876697
3480.0,FW_W,W,2,RW_FW_W_S2,26,203.0,12.0,40.363835,1.347212,4.0,37.670389,6082.08546392726
3480.0,FW_W,W,3,RW_FW_W_S3,26,118.0,4.0,64.273633,1.347212,4.0,21.897073,5629.617735104836
3480.0,FW_W,W,4,RW_FW_W_S4,26,207.0,22.0,31.40649,1.347212,4.0,38.412663,4825.6276655314805
3480.0,FW_W,W,5,RW_FW_W_S5,26,88.0,0.0,72.055345,1.347212,4.0,16.330021,4706.66118804898
3480.0,FW_W,W,6,RW_FW_W_S6,26,80.0,0.0,106.950915,1.347212,4.0,14.845473,6350.947683831179
3480.0,FW_W,W,7,RW_FW_W_S7,26,62.0,0.0,114.612459,1.347212,4.0,11.505242,5274.576308040312
3540.0,FW_E,E,0,RW_FW_E_S0,2,243.0,13.0,34.112595,1.346639,4.0,45.112313,6155.592251528939
3540.0,FW_E,E,1,RW_FW_E_S1,2,298.0,31.0,24.207145,1.346639,4.0,55.322919,5356.83968822502
3540.0,FW_E,E,2,RW_FW_E_S2,2,288.0,36.0,27.441948,1.346639,4.0,53.466445,5868.89361373944
3540.0,FW_E,E,3,RW_FW_E_S3,2,141.0,14.0,40.427363,1.346639,4.0,26.17628,4232.95189419856
3540.0,FW_E,E,4,RW_FW_E_S4,2,60.0,0.0,111.609463,1.346639,4.0,11.138843,4972.801142685236
3540.0,FW_E,E,5,RW_FW_E_S5,2,60.0,0.0,99.519817,1.346639,4.0,11.138843,4434.142467806924
3540.0,FW_E,E,6,RW_FW_E_S6,2,68.0,0.0,108.403098,1.346639,4.0,12.624022,5473.932376080624
3540.0,FW_E,E,7,RW_FW_E_S7,2,51.0,0.0,114.885517,1.346639,4.0,9.468016,4350.951652497088
3540.0,FW_W,W,0,RW_FW_W_S0,26,202.0,5.0,44.212388,1.347212,4.0,37.484821,6629.173800650191
3540.0,FW_W,W,1,RW_FW_W_S1,26,169.0,0.0,62.453452,1.347212,4.0,31.361063,7834.426570957904
3540.0,FW_W,W,2,RW_FW_W_S2,26,182.0,3.0,47.26308,1.347212,4.0,33.773452,6384.94945500864
3540.0,FW_W,W,3,RW_FW_W_S3,26,117.0,2.0,74.665493,1.347212,4.0,21.711505,6484.400898387859
3540.0,FW_W,W,4,RW_FW_W_S4,26,224.0,23.0,33.169901,1.347212,4.0,41.567326,5515.136353018905
3540.0,FW_W,W,5,RW_FW_W_S5,26,115.0,0.0,69.59039,1.347212,4.0,21.340368,5940.338127454081
3540.0,FW_W,W,6,RW_FW_W_S6,26,45.0,0.0,108.955285,1.347212,4.0,8.350579,3639.35885944006
3540.0,FW_W,W,7,RW_FW_W_S7,26,66.0,0.0,114.342329,1.347212,4.0,12.247516,5601.638015619056
3600.0,FW_E,E,0,RW_FW_E_S0,2,267.0,30.0,29.163442,1.346639,4.0,49.56785,5782.2764741588
3600.0,FW_E,E,1,RW_FW_E_S1,2,296.0,32.0,26.097508,1.346639,4.0,54.951624,5736.4017878119685
3600.0,FW_E,E,2,RW_FW_E_S2,2,300.0,31.0,25.686986,1.346639,4.0,55.694214,5722.465981196016
3600.0,FW_E,E,3,RW_FW_E_S3,2,162.0,13.0,43.831055,1.346639,4.0,30.074875,5272.854000972499
3600.0,FW_E,E,4,RW_FW_E_S4,2,48.0,0.0,106.103236,1.346639,4.0,8.911074,3781.9751505418553
3600.0,FW_E,E,5,RW_FW_E_S5,2,62.0,0.0,79.285142,1.346639,4.0,11.510137,3650.331385937816
3600.0,FW_E,E,6,RW_FW_E_S6,2,41.0,0.0,120.122795,1.346639,4.0,7.611543,3657.27927769074
3600.0,FW_E,E,7,RW_FW_E_S7,2,66.0,0.0,114.814928,1.346639,4.0,12.252727,5627.183873234624
3600.0,FW_W,W,0,RW_FW_W_S0,26,191.0,3.0,50.320981,1.347212,4.0,35.443568,7134.220447600832
3600.0,FW_W,W,1,RW_FW_W_S1,26,180.0,2.0,54.023169,1.347212,4.0,33.402315,7217.995632944941
3600.0,FW_W,W,2,RW_FW_W_S2,26,181.0,3.0,50.394216,1.347212,4.0,33.587884,6770.540325115777
3600.0,FW_W,W,3,RW_FW_W_S3,26,143.0,10.0,55.988484,1.347212,4.0,26.536284,5942.9052486138235
3600.0,FW_W,W,4,RW_FW_W_S4,26,225.0,21.0,28.301774,1.347212,4.0,41.752894,4726.723879335824
3600.0,FW_W,W,5,RW_FW_W_S5,26,99.0,1.0,66.11399,1.347212,4.0,18.371273,4858.39263763708
3600.0,FW_W,W,6,RW_FW_W_S6,26,72.0,0.0,92.969166,1.347212,4.0,13.360926,4968.616588830864
3600.0,FW_W,W,7,RW_FW_W_S7,26,54.0,0.0,118.606554,1.347212,4.0,10.020695,4754.08041054012
3660.0,FW_E,E,0,RW_FW_E_S0,2,295.0,26.0,25.82584,1.346639,4.0,54.765977,5657.50943778272
3660.0,FW_E,E,1,RW_FW_E_S1,2,280.0,33.0,27.624912,1.346639,4.0,51.981266,5743.911595594367
3660.0,FW_E,E,2,RW_FW_E_S2,2,315.0,34.0,23.24029,1.346639,4.0,58.478924,5436.26861059184
3660.0,FW_E,E,3,RW_FW_E_S3,2,147.0,20.0,41.417198,1.346639,4.0,27.290165,4521.12866903068
3660.0,FW_E,E,4,RW_FW_E_S4,2,68.0,0.0,92.958244,1.346639,4.0,12.624022,4694.027669349472
3660.0,FW_E,E,5,RW_FW_E_S5,2,61.0,0.0,76.664725,1.346639,4.0,11.32449,3472.7556464610007
3660.0,FW_E,E,6,RW_FW_E_S6,2,41.0,0.0,109.784249,1.346639,4.0,7.611543,3342.510127944828
3660.0,FW_E,E,7,RW_FW_E_S7,2,39.0,0.0,119.659691,1.346639,4.0,7.240248,3465.463353773472
3660.0,FW_W,W,0,RW_FW_W_S0,26,192.0,3.0,44.602645,1.347212,4.0,35.629136,6356.614818658881
3660.0,FW_W,W,1,RW_FW_W_S1,26,174.0,1.0,55.620421,1.347212,4.0,32.288905,7183.68995891602
3660.0,FW_W,W,2,RW_FW_W_S2,26,170.0,4.0,50.674023,1.347212,4.0,31.546631,6394.378819466052
3660.0,FW_W,W,3,RW_FW_W_S3,26,164.0,17.0,47.184164,1.347212,4.0,30.433221,5743.864362848976
3660.0,FW_W,W,4,RW_FW_W_S4,26,248.0,31.0,26.708968,1.347212,4.0,46.020968,4916.690246564096
3660.0,FW_W,W,5,RW_FW_W_S5,26,70.0,0.0,77.051716,1.347212,4.0,12.989789,4003.542131711696
3660.0,FW_W,W,6,RW_FW_W_S6,26,78.0,0.0,110.446073,1.347212,4.0,14.474337,6394.534723714404
3660.0,FW_W,W,7,RW_FW_W_S7,26,66.0,0.0,118.260598,1.347212,4.0,12.247516,5793.594264698272
3720.0,FW_E,E,0,RW_FW_E_S0,2,303.0,27.0,25.144202,1.346639,4.0,56.251156,5657.561716790048
3720.0,FW_E,E,1,RW_FW_E_S1,2,296.0,32.0,27.1064,1.346639,4.0,54.951624,5958.1628031744
3720.0,FW_E,E,2,RW_FW_E_S2,2,316.0,44.0,22.846371,1.346639,4.0,58.664572,5361.090305872848
3720.0,FW_E,E,3,RW_FW_E_S3,2,135.0,16.0,44.22079,1.346639,4.0,25.062396,4433.11580165136
3720.0,FW_E,E,4,RW_FW_E_S4,2,66.0,0.0,101.268592,1.346639,4.0,12.252727,4963.265645801536
3720.0,FW_E,E,5,RW_FW_E_S5,2,67.0,0.0,66.019591,1.346639,4.0,12.438374,3284.705456740136
3720.0,FW_E,E,6,RW_FW_E_S6,2,42.0,0.0,112.593912,1.346639,4.0,7.79719,3511.66449882912
3720.0,FW_E,E,7,RW_FW_E_S7,2,42.0,0.0,116.550369,1.346639,4.0,7.79719,3635.0614866524397
3720.0,FW_W,W,0,RW_FW_W_S0,26,171.0,2.0,55.483965,1.347212,4.0,31.7322,7042.513096692
3720.0,FW_W,W,1,RW_FW_W_S1,26,179.0,5.0,51.011707,1.347212,4.0,33.216747,6777.771861828516
3720.0,FW_W,W,2,RW_FW_W_S2,26,179.0,3.0,52.162858,1.347212,4.0,33.216747,6930.721827931704
3720.0,FW_W,W,3,RW_FW_W_S3,26,177.0,20.0,41.520379,1.347212,4.0,32.84561,5455.04870274476
3720.0,FW_W,W,4,RW_FW_W_S4,26,234.0,25.0,30.683858,1.347212,4.0,43.42301,5329.54189109032
3720.0,FW_W,W,5,RW_FW_W_S5,26,94.0,0.0,62.879282,1.347212,4.0,17.443431,4387.321667586169
3720.0,FW_W,W,6,RW_FW_W_S6,26,54.0,0.0,106.724728,1.347212,4.0,10.020695,4277.82379298384
3720.0,FW_W,W,7,RW_FW_W_S7,26,59.0,0.0,115.017405,1.347212,4.0,10.948537,5037.08925714594
3780.0,FW_E,E,0,RW_FW_E_S0,2,318.0,40.0,22.990417,1.346639,4.0,59.035866,5429.036709184488
3780.0,FW_E,E,1,RW_FW_E_S1,2,292.0,27.0,26.76976,1.346639,4.0,54.209034,5804.651320047361
3780.0,FW_E,E,2,RW_FW_E_S2,2,318.0,53.0,21.31012,1.346639,4.0,59.035866,5032.245555055681
3780.0,FW_E,E,3,RW_FW_E_S3,2,136.0,17.0,47.755799,1.346639,4.0,25.248043,4822.961866605428
3780.0,FW_E,E,4,RW_FW_E_S4,2,61.0,0.0,107.40218,1.346639,4.0,11.32449,4865.0996535528
3780.0,FW_E,E,5,RW_FW_E_S5,2,92.0,0.0,85.312283,1.346639,4.0,17.079559,5828.384683692788
3780.0,FW_E,E,6,RW_FW_E_S6,2,41.0,0.0,98.553588,1.346639,4.0,7.611543,3000.579491465136
3780.0,FW_E,E,7,RW_FW_E_S7,2,33.0,0.0,116.466614,1.346639,4.0,6.126363,2854.067018979528
3780.0,FW_W,W,0,RW_FW_W_S0,26,178.0,2.0,54.948715,1.347212,4.0,33.031178,7260.083144145079
3780.0,FW_W,W,1,RW_FW_W_S1,26,173.0,5.0,50.095868,1.347212,4.0,32.103336,6432.977930462592
3780.0,FW_W,W,2,RW_FW_W_S2,26,188.0,5.0,46.493711,1.347212,4.0,34.886863,6488.078904074371
3780.0,FW_W,W,3,RW_FW_W_S3,26,192.0,7.0,40.718895,1.347212,4.0,35.629136,5803.116190898881
3780.0,FW_W,W,4,RW_FW_W_S4,26,216.0,17.0,32.545074,1.347212,4.0,40.082778,5217.987904542288
3780.0,FW_W,W,5,RW_FW_W_S5,26,145.0,0.0,56.540428,1.347212,4.0,26.907421,6085.428398864752
3780.0,FW_W,W,6,RW_FW_W_S6,26,34.0,0.0,106.988119,1.347212,4.0,6.309326,2700.091683591176
3780.0,FW_W,W,7,RW_FW_W_S7,26,60.0,0.0,115.096247,1.347212,4.0,11.134105,5125.97479681574
3840.0,FW_E,E,0,RW_FW_E_S0,2,309.0,40.0,24.591492,1.346639,4.0,57.36504,5642.76768895872
3840.0,FW_E,E,1,RW_FW_E_S1,2,300.0,39.0,25.361377,1.346639,4.0,55.694214,5649.927831890713
3840.0,FW_E,E,2,RW_FW_E_S2,2,325.0,53.0,21.05141,1.346639,4.0,60.335398,5080.58080324472
3840.0,FW_E,E,3,RW_FW_E_S3,2,120.0,23.0,45.529356,1.346639,4.0,22.277685,4057.1546048834402
3840.0,FW_E,E,4,RW_FW_E_S4,2,60.0,0.0,102.498979,1.346639,4.0,11.138843,4566.880138965188
3840.0,FW_E,E,5,RW_FW_E_S5,2,69.0,0.0,92.600694,1.346639,4.0,12.809669,4744.736957241144
3840.0,FW_E,E,6,RW_FW_E_S6,2,85.0,0.0,96.635942,1.346639,4.0,15.780027,6099.6710957217365
3840.0,FW_E,E,7,RW_FW_E_S7,2,43.0,0.0,115.375716,1.346639,4.0,7.982837,3684.102138345168
3840.0,FW_W,W,0,RW_FW_W_S0,26,133.0,0.0,67.094112,1.347212,4.0,24.6806,6623.691762508799
3840.0,FW_W,W,1,RW_FW_W_S1,26,211.0,10.0,42.289438,1.347212,4.0,39.154936,6623.360953463872
3840.0,FW_W,W,2,RW_FW_W_S2,26,164.0,7.0,54.59644,1.347212,4.0,30.433221,6646.18209733296
3840.0,FW_W,W,3,RW_FW_W_S3,26,225.0,24.0,37.220994,1.347212,4.0,41.752894,6216.336868226544
3840.0,FW_W,W,4,RW_FW_W_S4,26,192.0,5.0,44.325,1.347212,4.0,35.629136,6317.045812800001
3840.0,FW_W,W,5,RW_FW_W_S5,26,132.0,0.0,62.89215,1.347212,4.0,24.495031,6162.1806556266
3840.0,FW_W,W,6,RW_FW_W_S6,26,76.0,0.0,99.421346,1.347212,4.0,14.1032,5608.636507628799
3840.0,FW_W,W,7,RW_FW_W_S7,26,41.0,0.0,117.216613,1.347212,4.0,7.608305,3567.2789710838597
3900.0,FW_E,E,0,RW_FW_E_S0,2,285.0,31.0,26.390949,1.346639,4.0,52.909503,5585.327981153388
3900.0,FW_E,E,1,RW_FW_E_S1,2,327.0,60.0,21.055522,1.346639,4.0,60.706693,5112.8444400349845
3900.0,FW_E,E,2,RW_FW_E_S2,2,316.0,52.0,21.077206,1.346639,4.0,58.664572,4945.941075783328
3900.0,FW_E,E,3,RW_FW_E_S3,2,133.0,12.0,50.234489,1.346639,4.0,24.691101,4961.379366329556
3900.0,FW_E,E,4,RW_FW_E_S4,2,54.0,0.0,110.992366,1.346639,4.0,10.024958,4450.775229882512
3900.0,FW_E,E,5,RW_FW_E_S5,2,73.0,1.0,61.353366,1.346639,4.0,13.552259,3325.906826215176
3900.0,FW_E,E,6,RW_FW_E_S6,2,36.0,0.0,111.726929,1.346639,4.0,6.683306,2986.8210197890958
3900.0,FW_E,E,7,RW_FW_E_S7,2,76.0,0.0,104.306064,1.346639,4.0,14.109201,5886.700889979456
3900.0,FW_W,W,0,RW_FW_W_S0,26,115.0,5.0,62.20192,1.347212,4.0,21.340368,5309.64745242624
3900.0,FW_W,W,1,RW_FW_W_S1,26,205.0,9.0,46.0315,1.347212,4.0,38.041526,7004.434016276
3900.0,FW_W,W,2,RW_FW_W_S2,26,156.0,6.0,52.7658,1.347212,4.0,28.948673,6109.9995591336
3900.0,FW_W,W,3,RW_FW_W_S3,26,227.0,14.0,35.614149,1.347212,4.0,42.124031,6000.846066058476
3900.0,FW_W,W,4,RW_FW_W_S4,26,193.0,15.0,33.368074,1.347212,4.0,35.814705,4780.2709069126795
3900.0,FW_W,W,5,RW_FW_W_S5,26,127.0,0.0,68.056087,1.347212,4.0,23.567189,6415.5626597177725
3900.0,FW_W,W,6,RW_FW_W_S6,26,100.0,0.0,97.935835,1.347212,4.0,18.556842,7269.51926493228
3900.0,FW_W,W,7,RW_FW_W_S7,26,66.0,0.0,114.577518,1.347212,4.0,12.247516,5613.1599397811515
3960.0,FW_E,E,0,RW_FW_E_S0,2,282.0,17.0,29.527344,1.346639,4.0,52.352561,6183.328311711936
3960.0,FW_E,E,1,RW_FW_E_S1,2,333.0,58.0,22.299315,1.346639,4.0,61.820577,5514.22608001902
3960.0,FW_E,E,2,RW_FW_E_S2,2,323.0,46.0,22.549719,1.346639,4.0,59.964103,5408.694690948228
3960.0,FW_E,E,3,RW_FW_E_S3,2,118.0,18.0,47.931366,1.346639,4.0,21.906391,4200.0129790404235
3960.0,FW_E,E,4,RW_FW_E_S4,2,40.0,0.0,110.353136,1.346639,4.0,7.425895,3277.88320342688
3960.0,FW_E,E,5,RW_FW_E_S5,2,58.0,0.0,104.388157,1.346639,4.0,10.767548,4496.017964516144
3960.0,FW_E,E,6,RW_FW_E_S6,2,75.0,0.0,101.96781,1.346639,4.0,13.923553,5679.01682731572
3960.0,FW_E,E,7,RW_FW_E_S7,2,27.0,0.0,120.513242,1.346639,4.0,5.012479,2416.280378987672
3960.0,FW_W,W,0,RW_FW_W_S0,26,70.0,0.0,85.826435,1.347212,4.0,12.989789,4459.46912508886
3960.0,FW_W,W,1,RW_FW_W_S1,26,210.0,13.0,37.3009,1.347212,4.0,38.969368,5814.369995324801
3960.0,FW_W,W,2,RW_FW_W_S2,26,138.0,0.0,57.68516,1.347212,4.0,25.608442,5908.90829648288
3960.0,FW_W,W,3,RW_FW_W_S3,26,222.0,24.0,41.203434,1.347212,4.0,41.196189,6789.697818052104
3960.0,FW_W,W,4,RW_FW_W_S4,26,219.0,29.0,31.049871,1.347212,4.0,40.639484,5047.402942826257
3960.0,FW_W,W,5,RW_FW_W_S5,26,90.0,0.0,75.597031,1.347212,4.0,16.701158,5050.231836247592
3960.0,FW_W,W,6,RW_FW_W_S6,26,97.0,0.0,90.070218,1.347212,4.0,18.000137,6485.105054479463
3960.0,FW_W,W,7,RW_FW_W_S7,26,72.0,0.0,108.945075,1.347212,4.0,13.360926,5822.4283405578
4020.0,FW_E,E,0,RW_FW_E_S0,2,276.0,32.0,28.997014,1.346639,4.0,51.238676,5943.074421253856
4020.0,FW_E,E,1,RW_FW_E_S1,2,334.0,63.0,20.172409,1.346639,4.0,62.006224,5003.259644294464
4020.0,FW_E,E,2,RW_FW_E_S2,2,316.0,34.0,23.508096,1.346639,4.0,58.664572,5516.369561499648
4020.0,FW_E,E,3,RW_FW_E_S3,2,136.0,16.0,48.235386,1.346639,4.0,25.248043,4871.396399398392
4020.0,FW_E,E,4,RW_FW_E_S4,2,32.0,0.0,116.629604,1.346639,4.0,5.940716,2771.4534182258562
4020.0,FW_E,E,5,RW_FW_E_S5,2,52.0,0.0,96.850615,1.346639,4.0,9.653664,3739.85318161344
4020.0,FW_E,E,6,RW_FW_E_S6,2,39.0,0.0,111.056331,1.346639,4.0,7.240248,3216.301513640352
4020.0,FW_E,E,7,RW_FW_E_S7,2,75.0,0.0,112.649136,1.346639,4.0,13.923553,6273.904862000832
4020.0,FW_W,W,0,RW_FW_W_S0,26,76.0,0.0,95.655111,1.347212,4.0,14.1032,5396.1726458208
4020.0,FW_W,W,1,RW_FW_W_S1,26,166.0,8.0,50.749115,1.347212,4.0,30.804357,6253.17542357622
4020.0,FW_W,W,2,RW_FW_W_S2,26,176.0,6.0,46.991366,1.347212,4.0,32.660042,6138.9599487894875
4020.0,FW_W,W,3,RW_FW_W_S3,26,231.0,16.0,33.863438,1.347212,4.0,42.866305,5806.40184662636
4020.0,FW_W,W,4,RW_FW_W_S4,26,200.0,21.0,34.741794,1.347212,4.0,37.113684,5157.583856436384
4020.0,FW_W,W,5,RW_FW_W_S5,26,84.0,0.0,70.189363,1.347212,4.0,15.587747,4376.376130140644
4020.0,FW_W,W,6,RW_FW_W_S6,26,82.0,0.0,95.339993,1.347212,4.0,15.21661,5803.00596353492
4020.0,FW_W,W,7,RW_FW_W_S7,26,84.0,0.0,105.945564,1.347212,4.0,15.587747,6605.810589617233
4080.0,FW_E,E,0,RW_FW_E_S0,2,293.0,28.0,27.146099,1.346639,4.0,54.394682,5906.413690582072
4080.0,FW_E,E,1,RW_FW_E_S1,2,324.0,49.0,23.679242,1.346639,4.0,60.149751,5697.202040674968
4080.0,FW_E,E,2,RW_FW_E_S2,2,329.0,58.0,20.960882,1.346639,4.0,61.077987,5120.993913218136
4080.0,FW_E,E,3,RW_FW_E_S3,2,131.0,13.0,54.218523,1.346639,4.0,24.319807,5274.336060740244
4080.0,FW_E,E,4,RW_FW_E_S4,2,64.0,0.0,104.306397,1.346639,4.0,11.881432,4957.237452482016
4080.0,FW_E,E,5,RW_FW_E_S5,2,34.0,0.0,90.853088,1.346639,4.0,6.312011,2293.862763359872
4080.0,FW_E,E,6,RW_FW_E_S6,2,46.0,0.0,113.407638,1.346639,4.0,8.539779,3873.904661728008
4080.0,FW_E,E,7,RW_FW_E_S7,2,36.0,0.0,116.321353,1.346639,4.0,6.683306,3109.6447857320723
4080.0,FW_W,W,0,RW_FW_W_S0,26,83.0,0.0,93.61086,1.347212,4.0,15.402179,5767.24488825576
4080.0,FW_W,W,1,RW_FW_W_S1,26,148.0,0.0,58.304772,1.347212,4.0,27.464126,6405.158418437088
4080.0,FW_W,W,2,RW_FW_W_S2,26,163.0,1.0,58.958976,1.347212,4.0,30.247652,7133.482353297408
4080.0,FW_W,W,3,RW_FW_W_S3,26,250.0,19.0,32.505198,1.347212,4.0,46.392105,6031.93823464716
4080.0,FW_W,W,4,RW_FW_W_S4,26,202.0,19.0,34.603826,1.347212,4.0,37.484821,5188.472894100583
4080.0,FW_W,W,5,RW_FW_W_S5,26,98.0,0.0,61.789957,1.347212,4.0,18.185705,4494.77571985874
4080.0,FW_W,W,6,RW_FW_W_S6,26,51.0,0.0,106.657491,1.347212,4.0,9.463989,4037.6212863663955
4080.0,FW_W,W,7,RW_FW_W_S7,26,67.0,0.0,104.254272,1.347212,4.0,12.433084,5184.808484539391
4140.0,FW_E,E,0,RW_FW_E_S0,2,297.0,33.0,24.576682,1.346639,4.0,55.137271,5420.364702859289
4140.0,FW_E,E,1,RW_FW_E_S1,2,348.0,61.0,19.455068,1.346639,4.0,64.605288,5027.601084798336
4140.0,FW_E,E,2,RW_FW_E_S2,2,299.0,36.0,24.128045,1.346639,4.0,55.508566,5357.25271333388
4140.0,FW_E,E,3,RW_FW_E_S3,2,149.0,15.0,42.807652,1.346639,4.0,27.661459,4736.488442737072
4140.0,FW_E,E,4,RW_FW_E_S4,2,54.0,0.0,113.856386,1.346639,4.0,10.024958,4565.621950727152
4140.0,FW_E,E,5,RW_FW_E_S5,2,71.0,0.0,88.327358,1.346639,4.0,13.180964,4656.958904052448
4140.0,FW_E,E,6,RW_FW_E_S6,2,26.0,0.0,116.635435,1.346639,4.0,4.826832,2251.9185999676797
4140.0,FW_E,E,7,RW_FW_E_S7,2,41.0,0.0,115.485588,1.346639,4.0,7.611543,3516.0940757691365
4140.0,FW_W,W,0,RW_FW_W_S0,26,78.0,0.0,93.039554,1.347212,4.0,14.474337,5386.743435702791
4140.0,FW_W,W,1,RW_FW_W_S1,26,140.0,0.0,62.694501,1.347212,4.0,25.979579,6515.106966380316
4140.0,FW_W,W,2,RW_FW_W_S2,26,150.0,0.0,66.758225,1.347212,4.0,27.835263,7432.9310011526995
4140.0,FW_W,W,3,RW_FW_W_S3,26,258.0,34.0,28.058303,1.347212,4.0,47.876652,5373.350433766223
4140.0,FW_W,W,4,RW_FW_W_S4,26,228.0,31.0,30.917187,1.347212,4.0,42.309599,5232.375136712051
4140.0,FW_W,W,5,RW_FW_W_S5,26,101.0,0.0,68.324587,1.347212,4.0,18.74241,5122.269690538679
4140.0,FW_W,W,6,RW_FW_W_S6,26,66.0,0.0,105.095314,1.347212,4.0,12.247516,5148.626158960095
4140.0,FW_W,W,7,RW_FW_W_S7,26,49.0,0.0,111.237722,1.347212,4.0,9.092852,4045.8725718525766
4200.0,FW_E,E,0,RW_FW_E_S0,2,314.0,39.0,22.995883,1.346639,4.0,58.293277,5362.021510314364
4200.0,FW_E,E,1,RW_FW_E_S1,2,326.0,43.0,22.652978,1.346639,4.0,60.521045,5483.92760368804
4200.0,FW_E,E,2,RW_FW_E_S2,2,312.0,39.0,21.698067,1.346639,4.0,57.921982,5027.180184835176
4200.0,FW_E,E,3,RW_FW_E_S3,2,140.0,20.0,43.335608,1.346639,4.0,25.990633,4505.279533439456
4200.0,FW_E,E,4,RW_FW_E_S4,2,60.0,0.0,101.872311,1.346639,4.0,11.138843,4538.958713104692
4200.0,FW_E,E,5,RW_FW_E_S5,2,58.0,0.0,84.072914,1.346639,4.0,10.767548,3621.0365479794878
4200.0,FW_E,E,6,RW_FW_E_S6,2,59.0,0.0,113.939019,1.346639,4.0,10.953195,4991.98517286282
4200.0,FW_E,E,7,RW_FW_E_S7,2,40.0,0.0,117.778337,1.346639,4.0,7.425895,3498.4382553464598
4200.0,FW_W,W,0,RW_FW_W_S0,26,80.0,0.0,91.746442,1.347212,4.0,14.845473,5448.077310228264
4200.0,FW_W,W,1,RW_FW_W_S1,26,115.0,6.0,65.76114,1.347212,4.0,21.340368,5613.467710798081
4200.0,FW_W,W,2,RW_FW_W_S2,26,132.0,0.0,67.539649,1.347212,4.0,24.495031,6617.5431839364755
4200.0,FW_W,W,3,RW_FW_W_S3,26,277.0,24.0,26.551362,1.347212,4.0,51.402452,5459.220442958496
4200.0,FW_W,W,4,RW_FW_W_S4,26,223.0,33.0,26.004117,1.347212,4.0,41.381757,4304.384202774276
4200.0,FW_W,W,5,RW_FW_W_S5,26,97.0,0.0,68.57296,1.347212,4.0,18.000137,4937.290697982079
4200.0,FW_W,W,6,RW_FW_W_S6,26,63.0,0.0,107.409854,1.347212,4.0,11.69081,5022.83278096696
4200.0,FW_W,W,7,RW_FW_W_S7,26,58.0,0.0,113.211515,1.347212,4.0,10.762968,4873.967652706081
4260.0,FW_E,E,0,RW_FW_E_S0,2,324.0,43.0,21.32352,1.346639,4.0,60.149751,5130.41767377408
4260.0,FW_E,E,1,RW_FW_E_S1,2,330.0,48.0,21.247418,1.346639,4.0,61.263635,5206.77624417772
4260.0,FW_E,E,2,RW_FW_E_S2,2,306.0,41.0,23.825432,1.346639,4.0,56.808098,5413.909903793344
4260.0,FW_E,E,3,RW_FW_E_S3,2,135.0,18.0,44.571049,1.346639,4.0,25.062396,4468.229120693616
4260.0,FW_E,E,4,RW_FW_E_S4,2,56.0,0.0,113.106202,1.346639,4.0,10.396253,4703.522767444424
4260.0,FW_E,E,5,RW_FW_E_S5,2,69.0,0.0,88.413098,1.346639,4.0,12.809669,4530.170082578248
4260.0,FW_E,E,6,RW_FW_E_S6,2,35.0,0.0,114.059439,1.346639,4.0,6.497658,2964.476905175448
4260.0,FW_E,E,7,RW_FW_E_S7,2,55.0,0.0,116.758707,1.346639,4.0,10.210606,4768.7086169857685
4260.0,FW_W,W,0,RW_FW_W_S0,26,65.0,0.0,96.103727,1.347212,4.0,12.061947,4636.792246305877
4260.0,FW_W,W,1,RW_FW_W_S1,26,83.0,0.0,90.380134,1.347212,4.0,15.402179,5568.204007647944
4260.0,FW_W,W,2,RW_FW_W_S2,26,136.0,1.0,64.402226,1.347212,4.0,25.237305,6501.35448096372
4260.0,FW_W,W,3,RW_FW_W_S3,26,301.0,35.0,25.992389,1.347212,4.0,55.856094,5807.333293074264
4260.0,FW_W,W,4,RW_FW_W_S4,26,221.0,16.0,33.275149,1.347212,4.0,41.01062,5458.53796432952
4260.0,FW_W,W,5,RW_FW_W_S5,26,74.0,0.0,82.087723,1.347212,4.0,13.732063,4508.935135050196
4260.0,FW_W,W,6,RW_FW_W_S6,26,75.0,0.0,91.440967,1.347212,4.0,13.917631,5090.566547956708
4260.0,FW_W,W,7,RW_FW_W_S7,26,56.0,0.0,111.207794,1.347212,4.0,10.391831,4622.610404523256
4320.0,FW_E,E,0,RW_FW_E_S0,2,338.0,59.0,20.260879,1.346639,4.0,62.748814,5085.384511390024
4320.0,FW_E,E,1,RW_FW_E_S1,2,320.0,56.0,21.700452,1.346639,4.0,59.407161,5156.6489829470875
4320.0,FW_E,E,2,RW_FW_E_S2,2,308.0,43.0,23.299854,1.346639,4.0,57.179393,5329.086034834488
4320.0,FW_E,E,3,RW_FW_E_S3,2,154.0,11.0,44.379791,1.346639,4.0,28.589696,5075.218932934144
4320.0,FW_E,E,4,RW_FW_E_S4,2,44.0,0.0,116.632538,1.346639,4.0,8.168485,3810.84454865972
4320.0,FW_E,E,5,RW_FW_E_S5,2,61.0,0.0,75.722981,1.346639,4.0,11.32449,3430.0965644187604
4320.0,FW_E,E,6,RW_FW_E_S6,2,57.0,0.0,115.352278,1.346639,4.0,10.581901,4882.585543681912
4320.0,FW_E,E,7,RW_FW_E_S7,2,30.0,0.0,116.843268,1.346639,4.0,5.569421,2602.997402031312
4320.0,FW_W,W,0,RW_FW_W_S0,26,81.0,0.0,87.601483,1.347212,4.0,15.031042,5266.966280941144
4320.0,FW_W,W,1,RW_FW_W_S1,26,58.0,0.0,110.264976,1.347212,4.0,10.762968,4747.113632835072
4320.0,FW_W,W,2,RW_FW_W_S2,26,126.0,1.0,71.990556,1.347212,4.0,23.381621,6733.023583885103
4320.0,FW_W,W,3,RW_FW_W_S3,26,298.0,43.0,24.67295,1.347212,4.0,55.299389,5457.5962393102
4320.0,FW_W,W,4,RW_FW_W_S4,26,220.0,44.0,30.67034,1.347212,4.0,40.825052,5008.4729014307195
4320.0,FW_W,W,5,RW_FW_W_S5,26,80.0,1.0,81.924906,1.347212,4.0,14.845473,4864.8559202021515
4320.0,FW_W,W,6,RW_FW_W_S6,26,85.0,0.0,102.521921,1.347212,4.0,15.773316,6468.442627440144
4320.0,FW_W,W,7,RW_FW_W_S7,26,48.0,0.0,113.976537,1.347212,4.0,8.907284,4060.885537582032
4380.0,FW_E,E,0,RW_FW_E_S0,2,298.0,39.0,23.280431,1.346639,4.0,55.322919,5151.765593992356
4380.0,FW_E,E,1,RW_FW_E_S1,2,355.0,60.0,17.698192,1.346639,4.0,65.904819,4665.584561548992
4380.0,FW_E,E,2,RW_FW_E_S2,2,307.0,46.0,22.238947,1.346639,4.0,56.993745,5069.9234975460595
4380.0,FW_E,E,3,RW_FW_E_S3,2,134.0,10.0,48.350597,1.346639,4.0,24.876749,4811.222662276612
4380.0,FW_E,E,4,RW_FW_E_S4,2,67.0,0.0,97.911938,1.346639,4.0,12.438374,4871.461215635248
4380.0,FW_E,E,5,RW_FW_E_S5,2,48.0,0.0,96.924512,1.346639,4.0,8.911074,3454.8059953835514
4380.0,FW_E,E,6,RW_FW_E_S6,2,57.0,0.0,98.972481,1.346639,4.0,10.581901,4189.267982665524
4380.0,FW_E,E,7,RW_FW_E_S7,2,45.0,0.0,115.628945,1.346639,4.0,8.354132,3863.91787820296
4380.0,FW_W,W,0,RW_FW_W_S0,26,69.0,0.0,94.543923,1.347212,4.0,12.804221,4842.245137195932
4380.0,FW_W,W,1,RW_FW_W_S1,26,65.0,0.0,105.935259,1.347212,4.0,12.061947,5111.141917957092
4380.0,FW_W,W,2,RW_FW_W_S2,26,101.0,0.0,77.575262,1.347212,4.0,18.74241,5815.789465045679
4380.0,FW_W,W,3,RW_FW_W_S3,26,304.0,34.0,24.785255,1.347212,4.0,56.412799,5592.82243391498
4380.0,FW_W,W,4,RW_FW_W_S4,26,219.0,39.0,29.95854,1.347212,4.0,40.639484,4869.99842797344
4380.0,FW_W,W,5,RW_FW_W_S5,26,72.0,0.0,90.069729,1.347212,4.0,13.360926,4813.659936036215
4380.0,FW_W,W,6,RW_FW_W_S6,26,62.0,0.0,110.852699,1.347212,4.0,11.505242,5101.548513392632
4380.0,FW_W,W,7,RW_FW_W_S7,26,74.0,0.0,107.437172,1.347212,4.0,13.732063,5901.336057783345
4440.0,FW_E,E,0,RW_FW_E_S0,2,308.0,51.0,23.493068,1.346639,4.0,57.179393,5373.277471790896
4440.0,FW_E,E,1,RW_FW_E_S1,2,332.0,45.0,21.726544,1.346639,4.0,61.63493,5356.45607432768
4440.0,FW_E,E,2,RW_FW_E_S2,2,308.0,51.0,22.690569,1.346639,4.0,57.179393,5189.7318489784675
4440.0,FW_E,E,3,RW_FW_E_S3,2,137.0,16.0,45.804525,1.346639,4.0,25.433691,4659.9125410071
4440.0,FW_E,E,4,RW_FW_E_S4,2,60.0,0.0,106.884472,1.346639,4.0,11.138843,4762.277410983584
4440.0,FW_E,E,5,RW_FW_E_S5,2,64.0,0.0,87.542226,1.346639,4.0,11.881432,4160.5080213905285
4440.0,FW_E,E,6,RW_FW_E_S6,2,39.0,0.0,114.070895,1.346639,4.0,7.240248,3303.60627752784
4440.0,FW_E,E,7,RW_FW_E_S7,2,62.0,0.0,109.869727,1.346639,4.0,11.510137,5058.462439690396
4440.0,FW_W,W,0,RW_FW_W_S0,26,84.0,1.0,91.417252,1.347212,4.0,15.587747,5699.955982444976
4440.0,FW_W,W,1,RW_FW_W_S1,26,59.0,0.0,112.523548,1.347212,4.0,10.948537,4927.872914597104
4440.0,FW_W,W,2,RW_FW_W_S2,26,80.0,1.0,76.685101,1.347212,4.0,14.845473,4553.706385591092
4440.0,FW_W,W,3,RW_FW_W_S3,26,302.0,38.0,24.864346,1.347212,4.0,56.041662,5573.757097532209
4440.0,FW_W,W,4,RW_FW_W_S4,26,238.0,46.0,26.266983,1.347212,4.0,44.165284,4640.355056072688
4440.0,FW_W,W,5,RW_FW_W_S5,26,61.0,0.0,94.510827,1.347212,4.0,11.319674,4279.327004441592
4440.0,FW_W,W,6,RW_FW_W_S6,26,56.0,0.0,112.037624,1.347212,4.0,10.391831,4657.104216998176
4440.0,FW_W,W,7,RW_FW_W_S7,26,63.0,0.0,113.796321,1.347212,4.0,11.69081,5321.48467004004
4500.0,FW_E,E,0,RW_FW_E_S0,2,295.0,40.0,24.443373,1.346639,4.0,54.765977,5354.660814081684
4500.0,FW_E,E,1,RW_FW_E_S1,2,327.0,56.0,21.34399,1.346639,4.0,60.706693,5182.89219330028
4500.0,FW_E,E,2,RW_FW_E_S2,2,321.0,39.0,22.094043,1.346639,4.0,59.592808,5266.5842497709755
4500.0,FW_E,E,3,RW_FW_E_S3,2,153.0,13.0,42.639894,1.346639,4.0,28.404049,4844.582554123224
4500.0,FW_E,E,4,RW_FW_E_S4,2,37.0,0.0,108.820821,1.346639,4.0,6.868953,2989.940419481652
4500.0,FW_E,E,5,RW_FW_E_S5,2,62.0,0.0,93.158726,1.346639,4.0,11.510137,4289.078796021849
4500.0,FW_E,E,6,RW_FW_E_S6,2,41.0,0.0,113.551839,1.346639,4.0,7.611543,3457.218821110308
4500.0,FW_E,E,7,RW_FW_E_S7,2,41.0,0.0,116.61478,1.346639,4.0,7.611543,3550.47364962216
4500.0,FW_W,W,0,RW_FW_W_S0,26,73.0,0.0,93.250154,1.347212,4.0,13.546495,5052.85097964092
4500.0,FW_W,W,1,RW_FW_W_S1,26,68.0,0.0,113.542865,1.347212,4.0,12.618652,5731.031602071921
4500.0,FW_W,W,2,RW_FW_W_S2,26,73.0,0.0,87.763407,1.347212,4.0,13.546495,4755.5462164338605
4500.0,FW_W,W,3,RW_FW_W_S3,26,285.0,34.0,27.616519,1.347212,4.0,52.886999,5842.219250945925
4500.0,FW_W,W,4,RW_FW_W_S4,26,263.0,52.0,23.236561,1.347212,4.0,48.804494,4536.1944076205355
4500.0,FW_W,W,5,RW_FW_W_S5,26,66.0,0.0,80.042663,1.347212,4.0,12.247516,3921.295183100432
4500.0,FW_W,W,6,RW_FW_W_S6,26,50.0,0.0,118.708161,1.347212,4.0,9.278421,4405.697175575124
4500.0,FW_W,W,7,RW_FW_W_S7,26,49.0,0.0,118.810604,1.347212,4.0,9.092852,4321.308952810432
