run,sim_sec,core_accumulation_veh,core_production_veh_km_h,core_mean_speed_kph,core_links_seen,urban_vehicles_state,total_vehicles_state,stopped_vehicles_state
bstoA_20260827,1.0,4.0,162.25913699999998,40.564784249999995,645,4.0,6.0,0.0
bstoA_20260827,150.0,488.0,12180.97317099999,24.961010596311457,645,537.0,788.0,180.0
bstoA_20260827,300.0,788.0,19960.763525000006,25.330918178934017,645,882.0,1370.0,320.0
bstoA_20260827,450.0,1035.0,26108.019375999997,25.225139493719805,645,1130.0,1740.0,452.0
bstoA_20260827,600.0,1252.0,28677.286491000003,22.905180903354633,645,1324.0,1966.0,584.0
bstoA_20260827,750.0,1422.0,34275.47220399999,24.10370759774964,645,1516.0,2152.0,638.0
bstoA_20260827,900.0,1498.0,35585.22553199999,23.755157230974625,645,1589.0,2214.0,670.0
bstoA_20260827,1050.0,1746.0,41042.704031999994,23.506703340206183,645,1872.0,2606.0,756.0
bstoA_20260827,1200.0,1953.0,44735.207253,22.905892090629802,645,2093.0,2919.0,900.0
bstoA_20260827,1350.0,2084.0,45995.00682399996,22.070540702495183,645,2264.0,3162.0,970.0
bstoA_20260827,1500.0,2235.0,47602.39784500003,21.298612011185696,645,2355.0,3376.0,1059.0
bstoA_20260827,1650.0,2309.0,44044.546539000024,19.075160909051547,645,2448.0,3506.0,1223.0
bstoA_20260827,1800.0,2408.0,48231.830661999986,20.029830009136205,645,2549.0,3559.0,1227.0
bstoA_20260827,1950.0,2523.0,47689.29078500003,18.901819573919948,645,2686.0,3678.0,1328.0
bstoA_20260827,2100.0,2650.0,48173.25297300004,18.178586027547183,645,2804.0,3794.0,1469.0
bstoA_20260827,2250.0,2766.0,55864.92050100001,20.197006688720176,645,2930.0,3939.0,1398.0
bstoA_20260827,2400.0,2941.0,53730.37788299999,18.269424645698738,645,3106.0,4069.0,1580.0
bstoA_20260827,2550.0,3009.0,50526.058724999995,16.79164464107677,645,3214.0,4163.0,1705.0
bstoA_20260827,2700.0,3018.0,51785.41747800001,17.158852709741556,645,3179.0,4174.0,1667.0
bstoA_20260827,2850.0,3053.0,52415.312878,17.168461473304944,645,3209.0,4171.0,1710.0
bstoA_20260827,3000.0,2933.0,46358.81543400003,15.80593775451757,645,3088.0,4010.0,1742.0
bstoA_20260827,3150.0,2926.0,45099.950252,15.413516832535885,645,3076.0,3964.0,1755.0
bstoA_20260827,3300.0,2948.0,47981.296073000005,16.27588062177748,645,3111.0,4001.0,1715.0
bstoA_20260827,3450.0,2977.0,46931.26447899997,15.76461688915014,645,3113.0,3983.0,1782.0
bstoA_20260827,3600.0,3063.0,47678.49313900002,15.565946176624232,645,3196.0,4072.0,1837.0
bstoA_20260827,3750.0,2921.0,44876.078419999954,15.363258616912,645,3035.0,3792.0,1729.0
bstoA_20260827,3900.0,2803.0,41326.308865000006,14.743599309668214,645,2946.0,3611.0,1737.0
bstoA_20260827,4050.0,2646.0,36399.55885699998,13.756447035903243,645,2743.0,3385.0,1730.0
bstoA_20260827,4200.0,2560.0,35740.991053,13.961324630078124,645,2675.0,3305.0,1656.0
bstoA_20260827,4350.0,2533.0,37274.37382100002,14.715504864192665,645,2645.0,3248.0,1574.0
bstoA_20260827,4500.0,2492.0,34698.44090399999,13.923932947030492,645,2607.0,3226.0,1610.0
bstoA_20260827,4650.0,2356.0,33597.147827,14.26024950212224,645,2459.0,3042.0,1534.0
bstoA_20260827,4800.0,2233.0,30013.787378,13.441015395432155,645,2330.0,2824.0,1438.0
bstoA_20260827,4950.0,2159.0,31680.914890999982,14.673883691987022,645,2241.0,2672.0,1369.0
bstoA_20260827,5100.0,2124.0,30048.602438000005,14.147176289077215,645,2210.0,2633.0,1346.0
bstoA_20260827,5250.0,2085.0,28437.853559999996,13.639258302158272,645,2183.0,2593.0,1314.0
bstoA_20260827,5400.0,2006.0,23408.663439,11.669323748255234,645,2085.0,2551.0,1381.0
canon_dpoff_20260828,1.0,4.0,162.25913699999998,40.564784249999995,645,4.0,6.0,0.0
canon_dpoff_20260828,150.0,496.0,11927.341207999994,24.047058887096764,645,545.0,796.0,194.0
canon_dpoff_20260828,300.0,796.0,21425.476262999993,26.916427466080393,645,889.0,1376.0,306.0
canon_dpoff_20260828,450.0,1035.0,25585.51266499999,24.72030209178743,645,1132.0,1741.0,463.0
canon_dpoff_20260828,600.0,1229.0,26860.138732999992,21.85527968510984,645,1302.0,1927.0,602.0
canon_dpoff_20260828,750.0,1394.0,31826.98108099999,22.83140680129124,645,1489.0,2135.0,671.0
canon_dpoff_20260828,900.0,1488.0,34413.47697400001,23.127336676075277,645,1583.0,2202.0,704.0
canon_dpoff_20260828,1050.0,1753.0,40590.83906799999,23.155070774671984,645,1876.0,2587.0,800.0
canon_dpoff_20260828,1200.0,1953.0,46672.53420999999,23.89786697900665,645,2114.0,2919.0,848.0
canon_dpoff_20260828,1350.0,2080.0,45048.59813099996,21.65797987067306,645,2253.0,3164.0,983.0
canon_dpoff_20260828,1500.0,2267.0,45383.16602400002,20.019041033965603,645,2381.0,3403.0,1185.0
canon_dpoff_20260828,1650.0,2349.0,43967.25793899998,18.717436329927622,645,2507.0,3548.0,1273.0
canon_dpoff_20260828,1800.0,2457.0,46778.80463999998,19.03899252747252,645,2610.0,3633.0,1298.0
canon_dpoff_20260828,1950.0,2584.0,46551.710057000055,18.01536766911767,645,2747.0,3735.0,1397.0
canon_dpoff_20260828,2100.0,2693.0,49118.55778799999,18.239345632380243,645,2863.0,3837.0,1452.0
canon_dpoff_20260828,2250.0,2837.0,51390.22421599999,18.114284179062384,645,2978.0,4021.0,1502.0
canon_dpoff_20260828,2400.0,2995.0,55494.83604099999,18.529160614691147,645,3165.0,4133.0,1581.0
canon_dpoff_20260828,2550.0,3026.0,50919.010517999974,16.827168049570382,645,3244.0,4198.0,1744.0
canon_dpoff_20260828,2700.0,3056.0,49822.67605999998,16.303231695026174,645,3221.0,4202.0,1737.0
canon_dpoff_20260828,2850.0,3083.0,49267.016723999994,15.980219501783974,645,3253.0,4207.0,1812.0
canon_dpoff_20260828,3000.0,2997.0,42759.32329900002,14.267375141474814,645,3158.0,4074.0,1825.0
canon_dpoff_20260828,3150.0,3022.0,45510.50867600001,15.059731527465258,645,3183.0,4060.0,1829.0
canon_dpoff_20260828,3300.0,3031.0,46566.498746000005,15.363411001649622,645,3186.0,4077.0,1819.0
canon_dpoff_20260828,3450.0,3017.0,47988.987290999954,15.906193997679798,645,3167.0,4018.0,1750.0
canon_dpoff_20260828,3600.0,3115.0,48276.09078200001,15.497942466131624,645,3242.0,4085.0,1863.0
canon_dpoff_20260828,3750.0,2992.0,46434.29453299999,15.519483466911762,645,3107.0,3856.0,1767.0
canon_dpoff_20260828,3900.0,2904.0,39274.41524900001,13.524247675275486,645,3046.0,3696.0,1878.0
canon_dpoff_20260828,4050.0,2739.0,37011.08284499998,13.512626084337343,645,2831.0,3462.0,1773.0
canon_dpoff_20260828,4200.0,2647.0,37879.140666,14.310215589724216,645,2757.0,3392.0,1667.0
canon_dpoff_20260828,4350.0,2637.0,37815.600309000016,14.340386920364056,645,2763.0,3387.0,1649.0
canon_dpoff_20260828,4500.0,2615.0,37547.73319699998,14.358597780879533,645,2746.0,3372.0,1607.0
canon_dpoff_20260828,4650.0,2491.0,34564.16276400002,13.87561732798074,645,2575.0,3166.0,1595.0
canon_dpoff_20260828,4800.0,2336.0,31815.55012299999,13.619670429366433,645,2424.0,2918.0,1491.0
canon_dpoff_20260828,4950.0,2231.0,28270.462383999988,12.671655035410124,645,2314.0,2750.0,1454.0
canon_dpoff_20260828,5100.0,2149.0,29187.395304000005,13.581849838994884,645,2250.0,2673.0,1390.0
canon_dpoff_20260828,5250.0,2105.0,24089.134033000006,11.443769136817105,645,2207.0,2609.0,1459.0
canon_dpoff_20260828,5400.0,2075.0,24682.363519000013,11.89511494891567,645,2163.0,2614.0,1418.0
canon_gne_far_20260827,1.0,4.0,162.25913699999998,40.564784249999995,645,4.0,6.0,0.0
canon_gne_far_20260827,150.0,495.0,11097.864528999995,22.41992834141413,645,544.0,795.0,209.0
canon_gne_far_20260827,300.0,803.0,19079.21191300001,23.759915209215453,645,892.0,1383.0,357.0
canon_gne_far_20260827,450.0,1063.0,25561.917533000018,24.046959109125133,645,1160.0,1769.0,483.0
canon_gne_far_20260827,600.0,1270.0,26835.112058999974,21.13000949527557,645,1342.0,1967.0,640.0
canon_gne_far_20260827,750.0,1436.0,31762.32658,22.118611824512534,645,1527.0,2171.0,716.0
canon_gne_far_20260827,900.0,1527.0,33189.15758999999,21.7348772691552,645,1625.0,2244.0,769.0
canon_gne_far_20260827,1050.0,1791.0,37402.055613,20.883336467336683,645,1917.0,2629.0,905.0
canon_gne_far_20260827,1200.0,2067.0,46574.03461800002,22.53218897822933,645,2206.0,3025.0,952.0
canon_gne_far_20260827,1350.0,2221.0,47288.59538000002,21.291578289058993,645,2387.0,3304.0,1066.0
canon_gne_far_20260827,1500.0,2379.0,47425.239417000026,19.934947211853732,645,2501.0,3519.0,1193.0
canon_gne_far_20260827,1650.0,2492.0,41941.80544899999,16.830580035714284,645,2624.0,3647.0,1417.0
canon_gne_far_20260827,1800.0,2628.0,43072.32777000004,16.389774646118738,645,2779.0,3759.0,1505.0
canon_gne_far_20260827,1950.0,2806.0,43912.97063200004,15.649668792587327,645,2961.0,3964.0,1654.0
canon_gne_far_20260827,2100.0,2956.0,43411.73515200003,14.685972649526397,645,3120.0,4129.0,1837.0
canon_gne_far_20260827,2250.0,3129.0,49253.25322699998,15.740892689996798,645,3279.0,4334.0,1858.0
canon_gne_far_20260827,2400.0,3321.0,50459.065865000004,15.193937327612167,645,3474.0,4449.0,1957.0
canon_gne_far_20260827,2550.0,3397.0,47798.87915200002,14.070909376508691,645,3599.0,4542.0,2092.0
canon_gne_far_20260827,2700.0,3444.0,49087.95451000005,14.253180752032534,645,3622.0,4600.0,2082.0
canon_gne_far_20260827,2850.0,3490.0,48766.133678999984,13.973104206017187,645,3662.0,4646.0,2147.0
canon_gne_far_20260827,3000.0,3457.0,43545.82215899998,12.596419484813417,645,3606.0,4532.0,2177.0
canon_gne_far_20260827,3150.0,3466.0,45366.027520999996,13.088871183208308,645,3608.0,4501.0,2194.0
canon_gne_far_20260827,3300.0,3528.0,49647.289109,14.07236085856009,645,3668.0,4561.0,2201.0
canon_gne_far_20260827,3450.0,3557.0,50997.78677199997,14.337303000281127,645,3701.0,4575.0,2199.0
canon_gne_far_20260827,3600.0,3634.0,49429.87875200001,13.602057994496425,645,3767.0,4625.0,2303.0
canon_gne_far_20260827,3750.0,3487.0,47949.415817999994,13.75090789159736,645,3624.0,4386.0,2199.0
canon_gne_far_20260827,3900.0,3363.0,42493.34512000002,12.635547166220642,645,3500.0,4164.0,2200.0
canon_gne_far_20260827,4050.0,3230.0,39217.752477,12.141719033126936,645,3317.0,3964.0,2175.0
canon_gne_far_20260827,4200.0,3161.0,36940.95609600001,11.68647772730149,645,3273.0,3906.0,2148.0
canon_gne_far_20260827,4350.0,3131.0,36071.70747199997,11.520826404343651,645,3247.0,3870.0,2123.0
canon_gne_far_20260827,4500.0,3081.0,35649.159885999994,11.570645857189222,645,3179.0,3807.0,2143.0
canon_gne_far_20260827,4650.0,2949.0,33715.24219100002,11.432771173618182,645,3049.0,3639.0,2004.0
canon_gne_far_20260827,4800.0,2800.0,33535.529311000006,11.976974753928573,645,2903.0,3395.0,1895.0
canon_gne_far_20260827,4950.0,2699.0,30072.65699000001,11.142147828825495,645,2787.0,3222.0,1859.0
canon_gne_far_20260827,5100.0,2613.0,31403.241408000013,12.018079375430544,645,2703.0,3130.0,1742.0
canon_gne_far_20260827,5250.0,2528.0,29872.166099999995,11.816521400316454,645,2621.0,3030.0,1732.0
canon_gne_far_20260827,5400.0,2407.0,25987.842834000014,10.796777247195685,645,2492.0,2946.0,1682.0
canon_gne_nofar_20260827,1.0,4.0,162.25913699999998,40.564784249999995,645,4.0,6.0,0.0
canon_gne_nofar_20260827,150.0,495.0,11097.864528999995,22.41992834141413,645,544.0,795.0,209.0
canon_gne_nofar_20260827,300.0,803.0,19078.47886000001,23.759002316313836,645,892.0,1383.0,357.0
canon_gne_nofar_20260827,450.0,1063.0,25556.584121000018,24.041941788334917,645,1160.0,1767.0,483.0
canon_gne_nofar_20260827,600.0,1270.0,26907.526416999983,21.187028674803138,645,1342.0,1967.0,640.0
canon_gne_nofar_20260827,750.0,1438.0,31959.101591000002,22.224688171766342,645,1529.0,2168.0,715.0
canon_gne_nofar_20260827,900.0,1527.0,33125.010221999975,21.69286851473476,645,1626.0,2248.0,773.0
canon_gne_nofar_20260827,1050.0,1801.0,38791.40935899998,21.53881696779566,645,1916.0,2622.0,898.0
canon_gne_nofar_20260827,1200.0,2069.0,45604.612422,22.041861972933784,645,2216.0,3034.0,977.0
canon_gne_nofar_20260827,1350.0,2210.0,47831.959931,21.643420783257916,645,2385.0,3284.0,1064.0
canon_gne_nofar_20260827,1500.0,2377.0,46414.42728300003,19.526473404711833,645,2500.0,3520.0,1215.0
canon_gne_nofar_20260827,1650.0,2492.0,43170.834792999995,17.323769981139645,645,2631.0,3670.0,1392.0
canon_gne_nofar_20260827,1800.0,2641.0,46758.335005999994,17.704784174933735,645,2786.0,3784.0,1461.0
canon_gne_nofar_20260827,1950.0,2834.0,47041.66770400001,16.599035887085392,645,2984.0,3987.0,1608.0
canon_gne_nofar_20260827,2100.0,2969.0,46328.314464,15.604012955203773,645,3124.0,4147.0,1798.0
canon_gne_nofar_20260827,2250.0,3113.0,47760.03455399998,15.342124816575645,645,3257.0,4274.0,1868.0
canon_gne_nofar_20260827,2400.0,3333.0,48822.750847000025,14.648290083108318,645,3483.0,4466.0,2043.0
canon_gne_nofar_20260827,2550.0,3412.0,48962.00058499997,14.349941554806557,645,3604.0,4558.0,2080.0
canon_gne_nofar_20260827,2700.0,3470.0,45173.12717300001,13.018192268876083,645,3629.0,4622.0,2227.0
canon_gne_nofar_20260827,2850.0,3554.0,48745.33496700002,13.71562604586382,645,3718.0,4704.0,2226.0
canon_gne_nofar_20260827,3000.0,3496.0,40487.976326000025,11.58122892620138,645,3642.0,4586.0,2309.0
canon_gne_nofar_20260827,3150.0,3504.0,45350.91391799996,12.942612419520538,645,3654.0,4531.0,2264.0
canon_gne_nofar_20260827,3300.0,3539.0,50209.999688999975,14.187623534614291,645,3679.0,4561.0,2180.0
canon_gne_nofar_20260827,3450.0,3563.0,49586.501238000004,13.917064619141174,645,3716.0,4566.0,2248.0
canon_gne_nofar_20260827,3600.0,3636.0,50613.498557999956,13.920104113861374,645,3770.0,4631.0,2323.0
canon_gne_nofar_20260827,3750.0,3483.0,49089.483455999994,14.094023386735572,645,3616.0,4372.0,2166.0
canon_gne_nofar_20260827,3900.0,3338.0,44456.859190000025,13.318411980227689,645,3487.0,4178.0,2114.0
canon_gne_nofar_20260827,4050.0,3211.0,39612.19029699998,12.336403082217371,645,3294.0,3936.0,2160.0
canon_gne_nofar_20260827,4200.0,3107.0,38591.884766999996,12.420947784679754,645,3199.0,3853.0,2068.0
canon_gne_nofar_20260827,4350.0,3064.0,36539.349936000006,11.92537530548303,645,3175.0,3817.0,2049.0
canon_gne_nofar_20260827,4500.0,3017.0,34902.89388900001,11.568741759695065,645,3131.0,3762.0,2038.0
canon_gne_nofar_20260827,4650.0,2877.0,32203.019812999995,11.193263751477232,645,2977.0,3579.0,1970.0
canon_gne_nofar_20260827,4800.0,2718.0,33213.49703500002,12.219829667034592,645,2823.0,3334.0,1798.0
canon_gne_nofar_20260827,4950.0,2606.0,30798.55112399999,11.818323531849574,645,2694.0,3145.0,1777.0
canon_gne_nofar_20260827,5100.0,2482.0,32528.402481000005,13.105722192183725,645,2578.0,3005.0,1619.0
canon_gne_nofar_20260827,5250.0,2444.0,29707.329330000008,12.15520840016367,645,2546.0,2961.0,1595.0
canon_gne_nofar_20260827,5400.0,2370.0,29182.240073999998,12.313181465822783,645,2448.0,2903.0,1587.0
canon_gne_t15_20260828,1.0,4.0,162.25913699999998,40.564784249999995,645,4.0,6.0,0.0
canon_gne_t15_20260828,150.0,495.0,11204.516736999994,22.635387347474737,645,544.0,795.0,206.0
canon_gne_t15_20260828,300.0,801.0,19025.809177000003,23.75257075780275,645,891.0,1379.0,354.0
canon_gne_t15_20260828,450.0,1059.0,25529.599235000005,24.10727028800756,645,1156.0,1765.0,482.0
canon_gne_t15_20260828,600.0,1264.0,26067.701770000003,20.623181780063295,645,1344.0,1974.0,645.0
canon_gne_t15_20260828,750.0,1450.0,31178.453400999977,21.502381655862052,645,1541.0,2196.0,721.0
canon_gne_t15_20260828,900.0,1530.0,31942.327061000018,20.877337948366026,645,1629.0,2242.0,751.0
canon_gne_t15_20260828,1050.0,1817.0,38735.48740399999,21.31837501596037,645,1941.0,2671.0,847.0
canon_gne_t15_20260828,1200.0,2040.0,44406.88981999998,21.76808324509803,645,2190.0,3010.0,965.0
canon_gne_t15_20260828,1350.0,2183.0,45572.41795699998,20.87605036967475,645,2364.0,3282.0,1053.0
canon_gne_t15_20260828,1500.0,2407.0,47711.458377,19.821960272953884,645,2525.0,3543.0,1212.0
canon_gne_t15_20260828,1650.0,2538.0,44662.562469999975,17.597542344365632,645,2674.0,3690.0,1413.0
canon_gne_t15_20260828,1800.0,2659.0,42938.53763800003,16.148378201579554,645,2796.0,3751.0,1518.0
canon_gne_t15_20260828,1950.0,2832.0,44594.29429700005,15.746572844985893,645,2992.0,3972.0,1648.0
canon_gne_t15_20260828,2100.0,2998.0,42078.45815399998,14.035509724482981,645,3162.0,4168.0,1872.0
canon_gne_t15_20260828,2250.0,3147.0,49935.72964699998,15.867724705115977,645,3301.0,4343.0,1881.0
canon_gne_t15_20260828,2400.0,3331.0,50322.18743500002,15.10723129240469,645,3491.0,4465.0,1996.0
canon_gne_t15_20260828,2550.0,3435.0,49787.972803000004,14.494315226491995,645,3621.0,4565.0,2109.0
canon_gne_t15_20260828,2700.0,3450.0,49123.03259099997,14.238560171304337,645,3645.0,4621.0,2119.0
canon_gne_t15_20260828,2850.0,3493.0,49071.72326499998,14.048589540509585,645,3648.0,4668.0,2154.0
canon_gne_t15_20260828,3000.0,3427.0,42382.328994,12.367180914502482,645,3567.0,4512.0,2215.0
canon_gne_t15_20260828,3150.0,3458.0,47042.74766100001,13.604033447368424,645,3603.0,4481.0,2177.0
canon_gne_t15_20260828,3300.0,3490.0,51221.89628699997,14.676761113753573,645,3615.0,4529.0,2162.0
canon_gne_t15_20260828,3450.0,3522.0,50688.40040099999,14.391936513628618,645,3672.0,4547.0,2203.0
canon_gne_t15_20260828,3600.0,3599.0,51372.39049699996,14.274073491803266,645,3723.0,4596.0,2246.0
canon_gne_t15_20260828,3750.0,3467.0,47926.02322199997,13.823485209691366,645,3594.0,4363.0,2181.0
canon_gne_t15_20260828,3900.0,3375.0,45894.04541399999,13.59823567822222,645,3512.0,4178.0,2153.0
canon_gne_t15_20260828,4050.0,3216.0,38536.40657699998,11.982713487873127,645,3310.0,3948.0,2170.0
canon_gne_t15_20260828,4200.0,3123.0,39109.201674,12.522959229586936,645,3231.0,3873.0,2077.0
canon_gne_t15_20260828,4350.0,3104.0,34956.482226999986,11.261753294780924,645,3210.0,3843.0,2106.0
canon_gne_t15_20260828,4500.0,3065.0,36604.441650999994,11.942721582707991,645,3181.0,3809.0,2092.0
canon_gne_t15_20260828,4650.0,2944.0,32211.501471999974,10.941406749999992,645,3043.0,3637.0,2065.0
canon_gne_t15_20260828,4800.0,2761.0,30671.395543,11.10879954473017,645,2854.0,3363.0,1897.0
canon_gne_t15_20260828,4950.0,2682.0,29347.330726000015,10.94233062117823,645,2754.0,3186.0,1854.0
canon_gne_t15_20260828,5100.0,2545.0,30939.798274000015,12.157091659724957,645,2655.0,3088.0,1693.0
canon_gne_t15_20260828,5250.0,2514.0,30525.409255999995,12.142167564041367,645,2620.0,3036.0,1708.0
canon_gne_t15_20260828,5400.0,2433.0,27099.39318099999,11.13826271311138,645,2521.0,2979.0,1693.0
canon_guard_20260828,1.0,4.0,162.25913699999998,40.564784249999995,645,4.0,6.0,0.0
canon_guard_20260828,150.0,496.0,11927.341207999994,24.047058887096764,645,545.0,796.0,194.0
canon_guard_20260828,300.0,796.0,21425.476262999993,26.916427466080393,645,889.0,1376.0,306.0
canon_guard_20260828,450.0,1035.0,25585.51266499999,24.72030209178743,645,1132.0,1741.0,463.0
canon_guard_20260828,600.0,1229.0,26860.138732999992,21.85527968510984,645,1302.0,1927.0,602.0
canon_guard_20260828,750.0,1395.0,31912.595319999997,22.876412415770606,645,1490.0,2137.0,671.0
canon_guard_20260828,900.0,1487.0,34373.022299,23.115684128446535,645,1582.0,2206.0,705.0
canon_guard_20260828,1050.0,1750.0,40039.601196,22.879772112,645,1873.0,2587.0,804.0
canon_guard_20260828,1200.0,1959.0,47456.17425499999,24.224693340990296,645,2118.0,2925.0,842.0
canon_guard_20260828,1350.0,2082.0,46206.735656999976,22.19343691498558,645,2247.0,3159.0,954.0
canon_guard_20260828,1500.0,2263.0,45548.95008899999,20.127684528943877,645,2387.0,3397.0,1133.0
canon_guard_20260828,1650.0,2344.0,46265.52685699999,19.737852754692828,645,2498.0,3544.0,1223.0
canon_guard_20260828,1800.0,2461.0,48705.12423399998,19.790785954490037,645,2605.0,3619.0,1281.0
canon_guard_20260828,1950.0,2570.0,49037.94272900004,19.080911567704295,645,2728.0,3722.0,1366.0
canon_guard_20260828,2100.0,2701.0,47562.115449999976,17.609076434653822,645,2863.0,3886.0,1459.0
canon_guard_20260828,2250.0,2835.0,52991.85554899999,18.692012539329802,645,3005.0,4035.0,1499.0
canon_guard_20260828,2400.0,2971.0,55513.28642599998,18.68505096802423,645,3127.0,4111.0,1539.0
canon_guard_20260828,2550.0,3031.0,50136.83895499994,16.541352344110834,645,3247.0,4214.0,1738.0
canon_guard_20260828,2700.0,3069.0,50128.50818999997,16.3338247605083,645,3247.0,4235.0,1748.0
canon_guard_20260828,2850.0,3142.0,49026.48160799998,15.603590581795029,645,3299.0,4253.0,1893.0
canon_guard_20260828,3000.0,3090.0,45310.14015400002,14.663475777993535,645,3238.0,4167.0,1885.0
canon_guard_20260828,3150.0,3095.0,47784.15191599999,15.439144399353793,645,3245.0,4123.0,1829.0
canon_guard_20260828,3300.0,3121.0,49640.638820999986,15.905363287728287,645,3262.0,4128.0,1854.0
canon_guard_20260828,3450.0,3112.0,48718.07379099998,15.654908030526986,645,3296.0,4149.0,1839.0
canon_guard_20260828,3600.0,3219.0,48346.387552999986,15.019070379931652,645,3352.0,4200.0,1931.0
canon_guard_20260828,3750.0,3058.0,44886.81554900002,14.678487753106612,645,3180.0,3929.0,1894.0
canon_guard_20260828,3900.0,2970.0,41095.564642,13.83689045185185,645,3108.0,3787.0,1884.0
canon_guard_20260828,4050.0,2874.0,38518.07912000001,13.402254391092557,645,2953.0,3611.0,1877.0
canon_guard_20260828,4200.0,2773.0,39486.92822000001,14.239786592138481,645,2869.0,3497.0,1710.0
canon_guard_20260828,4350.0,2685.0,40648.63005700001,15.139154583612667,645,2816.0,3443.0,1634.0
canon_guard_20260828,4500.0,2630.0,36818.689042,13.999501536882129,645,2744.0,3384.0,1662.0
canon_guard_20260828,4650.0,2520.0,33778.787380000016,13.404280706349212,645,2620.0,3200.0,1644.0
canon_guard_20260828,4800.0,2381.0,30692.113800000006,12.890429987400255,645,2469.0,2960.0,1565.0
canon_guard_20260828,4950.0,2263.0,30268.520739999996,13.37539581970835,645,2346.0,2772.0,1459.0
canon_guard_20260828,5100.0,2163.0,26854.273202000004,12.415290430883035,645,2251.0,2680.0,1442.0
canon_guard_20260828,5250.0,2125.0,24180.825599000003,11.379212046588236,645,2226.0,2627.0,1486.0
canon_guard_20260828,5400.0,2091.0,24843.669783000005,11.881238538020089,645,2191.0,2629.0,1427.0
canon_ingne_20260828,1.0,4.0,162.25913699999998,40.564784249999995,645,4.0,6.0,0.0
canon_ingne_20260828,150.0,495.0,11097.864528999995,22.41992834141413,645,544.0,795.0,209.0
canon_ingne_20260828,300.0,803.0,19079.21191300001,23.759915209215453,645,892.0,1383.0,357.0
canon_ingne_20260828,450.0,1063.0,25561.917533000018,24.046959109125133,645,1160.0,1769.0,483.0
canon_ingne_20260828,600.0,1270.0,26835.93168499997,21.13065487007872,645,1342.0,1969.0,641.0
canon_ingne_20260828,750.0,1438.0,32077.600262999997,22.307093367872042,645,1528.0,2176.0,713.0
canon_ingne_20260828,900.0,1524.0,32877.533706999995,21.57318484711286,645,1623.0,2243.0,766.0
canon_ingne_20260828,1050.0,1799.0,36328.71126799997,20.193836168982752,645,1926.0,2632.0,929.0
canon_ingne_20260828,1200.0,2084.0,46209.37425499997,22.173404153071004,645,2225.0,3039.0,970.0
canon_ingne_20260828,1350.0,2229.0,47919.91572199999,21.49839197936294,645,2404.0,3321.0,1053.0
canon_ingne_20260828,1500.0,2387.0,48122.560431999984,20.1602682999581,645,2510.0,3531.0,1188.0
canon_ingne_20260828,1650.0,2510.0,43190.84848900001,17.207509358167336,645,2659.0,3698.0,1390.0
canon_ingne_20260828,1800.0,2682.0,46798.94928100001,17.449272662565253,645,2831.0,3822.0,1500.0
canon_ingne_20260828,1950.0,2827.0,46927.63181900003,16.599799016271678,645,2980.0,3983.0,1605.0
canon_ingne_20260828,2100.0,3000.0,46555.05638900001,15.51835212966667,645,3154.0,4191.0,1809.0
canon_ingne_20260828,2250.0,3140.0,48148.16024999998,15.33380899681528,645,3291.0,4322.0,1894.0
canon_ingne_20260828,2400.0,3319.0,46984.285744,14.156157199156373,645,3484.0,4470.0,2077.0
canon_ingne_20260828,2550.0,3432.0,48390.62196399997,14.099831574592066,645,3617.0,4561.0,2104.0
canon_ingne_20260828,2700.0,3504.0,42270.313675999976,12.063445683789947,645,3671.0,4671.0,2304.0
canon_ingne_20260828,2850.0,3580.0,47402.955282999996,13.241048961731842,645,3752.0,4730.0,2262.0
canon_ingne_20260828,3000.0,3532.0,41752.27503100002,11.821142421007933,645,3663.0,4601.0,2326.0
canon_ingne_20260828,3150.0,3542.0,44041.20016500001,12.433992141445513,645,3680.0,4558.0,2330.0
canon_ingne_20260828,3300.0,3599.0,47811.058002000005,13.28453959488747,645,3740.0,4619.0,2340.0
canon_ingne_20260828,3450.0,3589.0,47480.995070999976,13.229589041794364,645,3738.0,4590.0,2368.0
canon_ingne_20260828,3600.0,3662.0,49151.80534600001,13.422120520480615,645,3782.0,4637.0,2393.0
canon_ingne_20260828,3750.0,3486.0,47658.99264899998,13.671541207401026,645,3617.0,4370.0,2220.0
canon_ingne_20260828,3900.0,3393.0,43498.270893999994,12.820003210727968,645,3531.0,4210.0,2212.0
canon_ingne_20260828,4050.0,3233.0,37794.723669999985,11.69029497989483,645,3317.0,3958.0,2200.0
canon_ingne_20260828,4200.0,3175.0,38949.22061700001,12.267471060472445,645,3273.0,3921.0,2099.0
canon_ingne_20260828,4350.0,3108.0,34084.798034999985,10.96679473455598,645,3213.0,3844.0,2156.0
canon_ingne_20260828,4500.0,3068.0,36552.708464999996,11.914181377118643,645,3180.0,3823.0,2075.0
canon_ingne_20260828,4650.0,2910.0,32473.113156999978,11.159145414776624,645,3011.0,3613.0,1998.0
canon_ingne_20260828,4800.0,2759.0,32953.44565299999,11.943981751721633,645,2855.0,3356.0,1846.0
canon_ingne_20260828,4950.0,2644.0,31159.703161999994,11.785061710287442,645,2739.0,3181.0,1801.0
canon_ingne_20260828,5100.0,2557.0,33162.437722999995,12.969275605396948,645,2660.0,3095.0,1678.0
canon_ingne_20260828,5250.0,2478.0,30002.37464300001,12.107495820419697,645,2583.0,2989.0,1647.0
canon_ingne_20260828,5400.0,2363.0,28281.912760000007,11.968646957257725,645,2453.0,2914.0,1569.0
canon_nolencap_20260828,1.0,4.0,162.25913699999998,40.564784249999995,645,4.0,6.0,0.0
canon_nolencap_20260828,150.0,496.0,11041.104538999996,22.260291409274185,645,545.0,796.0,212.0
canon_nolencap_20260828,300.0,799.0,19266.115629000004,24.11278551814769,645,889.0,1378.0,337.0
canon_nolencap_20260828,450.0,1047.0,24289.055433999987,23.198715791786043,645,1141.0,1754.0,481.0
canon_nolencap_20260828,600.0,1231.0,25382.842299999993,20.61969317627944,645,1312.0,1941.0,613.0
canon_nolencap_20260828,750.0,1409.0,29301.71023600001,20.796103787083045,645,1500.0,2166.0,702.0
canon_nolencap_20260828,900.0,1488.0,29354.52133800001,19.727500899193554,645,1584.0,2200.0,785.0
canon_nolencap_20260828,1050.0,1756.0,34809.029544000005,19.822909763097954,645,1886.0,2610.0,898.0
canon_nolencap_20260828,1200.0,1981.0,40976.84278800001,20.68492821201414,645,2117.0,2943.0,969.0
canon_nolencap_20260828,1350.0,2077.0,42735.92179700001,20.5757928728936,645,2244.0,3181.0,1010.0
canon_nolencap_20260828,1500.0,2241.0,44094.22481800001,19.676137803659085,645,2370.0,3393.0,1131.0
canon_nolencap_20260828,1650.0,2338.0,44487.30558299997,19.027932242514957,645,2495.0,3533.0,1236.0
canon_nolencap_20260828,1800.0,2438.0,46607.337104,19.1170373683347,645,2587.0,3589.0,1263.0
canon_nolencap_20260828,1950.0,2557.0,45985.35088799998,17.98410281110676,645,2720.0,3711.0,1380.0
canon_nolencap_20260828,2100.0,2677.0,46281.96512899999,17.28874304407919,645,2838.0,3865.0,1498.0
canon_nolencap_20260828,2250.0,2813.0,50376.25475300001,17.90837353466051,645,2961.0,3985.0,1526.0
canon_nolencap_20260828,2400.0,2942.0,53484.57934899999,18.17966667199184,645,3092.0,4070.0,1614.0
canon_nolencap_20260828,2550.0,2994.0,50125.708180000016,16.742053500334006,645,3193.0,4165.0,1693.0
canon_nolencap_20260828,2700.0,3022.0,52703.43997299998,17.439920573461276,645,3197.0,4188.0,1642.0
canon_nolencap_20260828,2850.0,3023.0,52401.880984999996,17.334396620906382,645,3197.0,4186.0,1718.0
canon_nolencap_20260828,3000.0,2957.0,43927.96006300003,14.855583382820436,645,3110.0,4037.0,1795.0
canon_nolencap_20260828,3150.0,2966.0,43299.314526999995,14.598555133850303,645,3108.0,3979.0,1846.0
canon_nolencap_20260828,3300.0,2992.0,48696.91641799999,16.275707358957217,645,3167.0,4052.0,1746.0
canon_nolencap_20260828,3450.0,2997.0,45350.799462999974,15.132065219552878,645,3164.0,4044.0,1790.0
canon_nolencap_20260828,3600.0,3060.0,46663.15297499997,15.249396397058813,645,3187.0,4037.0,1848.0
canon_nolencap_20260828,3750.0,2910.0,42041.862025999995,14.447375266666665,645,3028.0,3822.0,1794.0
canon_nolencap_20260828,3900.0,2829.0,39399.404288000005,13.9269721767409,645,2964.0,3650.0,1782.0
canon_nolencap_20260828,4050.0,2646.0,36880.299416,13.938132810279669,645,2754.0,3389.0,1723.0
canon_nolencap_20260828,4200.0,2549.0,35409.599197999996,13.891565005100038,645,2652.0,3283.0,1638.0
canon_nolencap_20260828,4350.0,2532.0,35693.88322199999,14.097110277251181,645,2629.0,3232.0,1628.0
canon_nolencap_20260828,4500.0,2514.0,35057.41788200002,13.944875848050923,645,2627.0,3243.0,1581.0
canon_nolencap_20260828,4650.0,2393.0,33312.444736000005,13.920787603844548,645,2497.0,3086.0,1535.0
canon_nolencap_20260828,4800.0,2225.0,30659.830727,13.779699203146068,645,2319.0,2820.0,1419.0
canon_nolencap_20260828,4950.0,2172.0,27379.90022799997,12.605847250460391,645,2245.0,2680.0,1422.0
canon_nolencap_20260828,5100.0,2089.0,28790.16801799999,13.781794168501671,645,2176.0,2596.0,1353.0
canon_nolencap_20260828,5250.0,2074.0,26323.63904100001,12.692207830761818,645,2178.0,2583.0,1394.0
canon_nolencap_20260828,5400.0,2049.0,25102.956278000005,12.251320779892634,645,2121.0,2602.0,1370.0
canon_phasefix_20260828,1.0,4.0,162.25913699999998,40.564784249999995,645,4.0,6.0,0.0
canon_phasefix_20260828,150.0,496.0,11802.758892999995,23.795884864919344,645,545.0,796.0,198.0
canon_phasefix_20260828,300.0,795.0,21255.686853999992,26.736713023899362,645,887.0,1374.0,303.0
canon_phasefix_20260828,450.0,1034.0,24947.449662999992,24.1271273336557,645,1132.0,1743.0,480.0
canon_phasefix_20260828,600.0,1238.0,27201.639478999994,21.972245136510494,645,1311.0,1934.0,595.0
canon_phasefix_20260828,750.0,1413.0,31461.165550999987,22.265509944090578,645,1511.0,2152.0,676.0
canon_phasefix_20260828,900.0,1496.0,33475.388056,22.37659629411765,645,1592.0,2213.0,726.0
canon_phasefix_20260828,1050.0,1741.0,38004.78566099999,21.829285273406082,645,1875.0,2592.0,822.0
canon_phasefix_20260828,1200.0,1974.0,45630.25926100002,23.115632857649455,645,2120.0,2937.0,885.0
canon_phasefix_20260828,1350.0,2105.0,46365.35134500001,22.026295175771978,645,2281.0,3196.0,986.0
canon_phasefix_20260828,1500.0,2261.0,44471.790189,19.66908013666519,645,2380.0,3383.0,1167.0
canon_phasefix_20260828,1650.0,2342.0,44753.464693,19.109079715200682,645,2481.0,3525.0,1245.0
canon_phasefix_20260828,1800.0,2461.0,48110.09453999999,19.54900225111743,645,2588.0,3609.0,1287.0
canon_phasefix_20260828,1950.0,2530.0,50393.50648900002,19.91838201146246,645,2710.0,3732.0,1285.0
canon_phasefix_20260828,2100.0,2658.0,48416.62235500001,18.215433542136946,645,2820.0,3840.0,1472.0
canon_phasefix_20260828,2250.0,2797.0,53392.97530599997,19.089372651412216,645,2966.0,4014.0,1492.0
canon_phasefix_20260828,2400.0,2947.0,57401.54889699999,19.477960263657955,645,3117.0,4083.0,1509.0
canon_phasefix_20260828,2550.0,3020.0,52569.881966000015,17.407245684105966,645,3230.0,4190.0,1672.0
canon_phasefix_20260828,2700.0,3024.0,53201.13298899999,17.592967258267194,645,3211.0,4197.0,1655.0
canon_phasefix_20260828,2850.0,3034.0,51225.780046,16.883909046143703,645,3202.0,4182.0,1713.0
canon_phasefix_20260828,3000.0,2931.0,43299.36465300004,14.772898209826012,645,3066.0,3985.0,1782.0
canon_phasefix_20260828,3150.0,2942.0,43797.033245,14.886822992861998,645,3094.0,3991.0,1822.0
canon_phasefix_20260828,3300.0,2972.0,47191.89502299999,15.878834126177654,645,3120.0,4035.0,1762.0
canon_phasefix_20260828,3450.0,3019.0,45599.343464000005,15.104121717124878,645,3176.0,4019.0,1794.0
canon_phasefix_20260828,3600.0,3099.0,49044.477276,15.825904251694094,645,3225.0,4069.0,1865.0
canon_phasefix_20260828,3750.0,2942.0,45632.250475,15.51062218728756,645,3077.0,3835.0,1729.0
canon_phasefix_20260828,3900.0,2886.0,41278.841898000006,14.303133020790023,645,3013.0,3679.0,1769.0
canon_phasefix_20260828,4050.0,2682.0,36417.06233199998,13.578323017151371,645,2800.0,3435.0,1705.0
canon_phasefix_20260828,4200.0,2604.0,33776.22916899999,12.97090213863287,645,2714.0,3346.0,1679.0
canon_phasefix_20260828,4350.0,2587.0,37213.39562699999,14.384768313490525,645,2709.0,3312.0,1637.0
canon_phasefix_20260828,4500.0,2579.0,35826.049507999975,13.891449983714608,645,2694.0,3326.0,1641.0
canon_phasefix_20260828,4650.0,2481.0,34357.48246400002,13.848239606610246,645,2587.0,3173.0,1619.0
canon_phasefix_20260828,4800.0,2339.0,34497.661247,14.748893222317228,645,2433.0,2922.0,1458.0
canon_phasefix_20260828,4950.0,2227.0,29484.40224599998,13.239516051189932,645,2303.0,2727.0,1446.0
canon_phasefix_20260828,5100.0,2156.0,28752.855455999994,13.33620382931354,645,2248.0,2669.0,1383.0
canon_phasefix_20260828,5250.0,2096.0,27414.856349999995,13.079607037213737,645,2204.0,2603.0,1382.0
canon_phasefix_20260828,5400.0,2071.0,24267.13871599999,11.717594744567837,645,2164.0,2605.0,1409.0
canon_plantfix_20260827,1.0,4.0,162.25913699999998,40.564784249999995,645,4.0,6.0,0.0
canon_plantfix_20260827,150.0,496.0,11916.156279999996,24.024508629032248,645,545.0,796.0,194.0
canon_plantfix_20260827,300.0,791.0,21231.551634,26.841405352718077,645,887.0,1375.0,298.0
canon_plantfix_20260827,450.0,1040.0,25908.694054000003,24.91220582115385,645,1137.0,1748.0,469.0
canon_plantfix_20260827,600.0,1249.0,26253.643368,21.01973047878303,645,1324.0,1946.0,635.0
canon_plantfix_20260827,750.0,1396.0,32722.623374999992,23.440274623925497,645,1501.0,2149.0,671.0
canon_plantfix_20260827,900.0,1510.0,31703.45901799999,20.995668223841054,645,1607.0,2230.0,751.0
canon_plantfix_20260827,1050.0,1772.0,43036.353882000025,24.286881423250577,645,1914.0,2619.0,772.0
canon_plantfix_20260827,1200.0,1999.0,46940.88649099998,23.482184337668826,645,2154.0,2975.0,905.0
canon_plantfix_20260827,1350.0,2129.0,47568.782598,22.34325157256928,645,2308.0,3228.0,974.0
canon_plantfix_20260827,1500.0,2251.0,45728.09566299998,20.31456937494446,645,2379.0,3405.0,1118.0
canon_plantfix_20260827,1650.0,2333.0,43485.79984200004,18.639434137162468,645,2489.0,3530.0,1239.0
canon_plantfix_20260827,1800.0,2476.0,47540.60120100002,19.200565913166404,645,2619.0,3625.0,1295.0
canon_plantfix_20260827,1950.0,2589.0,48010.052793,18.54385971147161,645,2750.0,3723.0,1366.0
canon_plantfix_20260827,2100.0,2721.0,48268.06986700001,17.739092196618895,645,2869.0,3884.0,1520.0
canon_plantfix_20260827,2250.0,2837.0,52180.15503899994,18.392722960521656,645,3004.0,4002.0,1522.0
canon_plantfix_20260827,2400.0,2991.0,52806.77498900003,17.65522400167169,645,3159.0,4158.0,1632.0
canon_plantfix_20260827,2550.0,3053.0,52321.90299399997,17.13786537635112,645,3262.0,4221.0,1683.0
canon_plantfix_20260827,2700.0,3063.0,50264.997053999985,16.410381016650337,645,3232.0,4253.0,1703.0
canon_plantfix_20260827,2850.0,3124.0,50700.80768700001,16.229451884443023,645,3295.0,4292.0,1800.0
canon_plantfix_20260827,3000.0,3034.0,44770.10832300005,14.756133264007927,645,3205.0,4178.0,1838.0
canon_plantfix_20260827,3150.0,3082.0,45796.11830299997,14.859220734263454,645,3226.0,4129.0,1878.0
canon_plantfix_20260827,3300.0,3064.0,45600.926677999996,14.882808968015665,645,3238.0,4119.0,1831.0
canon_plantfix_20260827,3450.0,3089.0,46612.188384999994,15.08973401910003,645,3247.0,4121.0,1856.0
canon_plantfix_20260827,3600.0,3222.0,51012.41317900002,15.832530471446312,645,3343.0,4173.0,1901.0
canon_plantfix_20260827,3750.0,3042.0,46499.836185999986,15.285942204470738,645,3174.0,3907.0,1801.0
canon_plantfix_20260827,3900.0,2960.0,43891.757687000034,14.82829651587839,645,3095.0,3789.0,1819.0
canon_plantfix_20260827,4050.0,2817.0,39092.077366,13.8772017628683,645,2891.0,3537.0,1803.0
canon_plantfix_20260827,4200.0,2690.0,38202.25720399999,14.201582603717467,645,2802.0,3440.0,1698.0
canon_plantfix_20260827,4350.0,2692.0,37322.585736999994,13.86425918907875,645,2811.0,3425.0,1704.0
canon_plantfix_20260827,4500.0,2667.0,36734.53564000003,13.773729148856404,645,2769.0,3399.0,1677.0
canon_plantfix_20260827,4650.0,2503.0,35667.052406999996,14.249721297243306,645,2616.0,3217.0,1574.0
canon_plantfix_20260827,4800.0,2352.0,32310.329721999988,13.737385085884348,645,2443.0,2936.0,1520.0
canon_plantfix_20260827,4950.0,2226.0,30071.393281999986,13.509161402515717,645,2310.0,2733.0,1446.0
canon_plantfix_20260827,5100.0,2161.0,30054.937534999997,13.90788409763998,645,2252.0,2683.0,1367.0
canon_plantfix_20260827,5250.0,2091.0,25682.345140999987,12.282326705404106,645,2198.0,2605.0,1405.0
canon_plantfix_20260827,5400.0,2049.0,23715.055405,11.5739655466081,645,2132.0,2581.0,1413.0
map4ftau_20260826,1.0,4.0,162.25913699999998,40.564784249999995,645,4.0,6.0,0.0
map4ftau_20260826,150.0,488.0,12180.97317099999,24.961010596311457,645,537.0,788.0,180.0
map4ftau_20260826,300.0,788.0,19960.763525000006,25.330918178934017,645,882.0,1370.0,320.0
map4ftau_20260826,450.0,1039.0,26494.54606199998,25.500044333012493,645,1134.0,1744.0,449.0
map4ftau_20260826,600.0,1248.0,28062.735773999997,22.48616648557692,645,1320.0,1951.0,599.0
map4ftau_20260826,750.0,1414.0,34834.538758999995,24.635458811173972,645,1503.0,2152.0,651.0
map4ftau_20260826,900.0,1497.0,36136.063980000006,24.13898729458918,645,1595.0,2210.0,649.0
map4ftau_20260826,1050.0,1738.0,42507.833222999994,24.457901739355577,645,1877.0,2596.0,735.0
map4ftau_20260826,1200.0,1960.0,43403.443322000014,22.144613939795924,645,2106.0,2932.0,929.0
map4ftau_20260826,1350.0,2090.0,46608.407494999985,22.300673442583726,645,2269.0,3189.0,970.0
map4ftau_20260826,1500.0,2215.0,47342.17629399995,21.373443022121876,645,2337.0,3344.0,1058.0
map4ftau_20260826,1650.0,2331.0,44048.53967199998,18.896842416130408,645,2476.0,3496.0,1276.0
map4ftau_20260826,1800.0,2459.0,47111.676442999975,19.158876145994295,645,2609.0,3574.0,1273.0
map4ftau_20260826,1950.0,2590.0,50774.646347999995,19.60411055907336,645,2756.0,3714.0,1315.0
map4ftau_20260826,2100.0,2695.0,50265.22488300004,18.65128938144714,645,2858.0,3862.0,1466.0
map4ftau_20260826,2250.0,2829.0,52999.57686399998,18.734385600565563,645,2977.0,4053.0,1507.0
map4ftau_20260826,2400.0,3013.0,52609.999164999994,17.46100204613342,645,3172.0,4156.0,1658.0
map4ftau_20260826,2550.0,3051.0,49192.16766,16.123293235004915,645,3250.0,4226.0,1776.0
map4ftau_20260826,2700.0,3058.0,51721.46845600003,16.913495243950305,645,3246.0,4217.0,1706.0
map4ftau_20260826,2850.0,3138.0,52401.83786700001,16.699119779158703,645,3298.0,4276.0,1839.0
map4ftau_20260826,3000.0,3032.0,44653.361796000005,14.727362069920845,645,3179.0,4110.0,1873.0
map4ftau_20260826,3150.0,2995.0,45314.70481400002,15.130118468781308,645,3156.0,4037.0,1805.0
map4ftau_20260826,3300.0,3021.0,47631.17863099999,15.76669269480304,645,3172.0,4038.0,1811.0
map4ftau_20260826,3450.0,3023.0,45774.23504599999,15.141989760502808,645,3177.0,4035.0,1828.0
map4ftau_20260826,3600.0,3079.0,48044.94623800002,15.604074776875615,645,3222.0,4071.0,1876.0
map4ftau_20260826,3750.0,2955.0,43335.81392799999,14.665250060236882,645,3087.0,3844.0,1800.0
map4ftau_20260826,3900.0,2883.0,41856.83226100002,14.518498876517523,645,3001.0,3654.0,1792.0
map4ftau_20260826,4050.0,2705.0,35980.72659199999,13.301562510905727,645,2785.0,3431.0,1784.0
map4ftau_20260826,4200.0,2619.0,35952.14213999999,13.727431134020614,645,2711.0,3341.0,1696.0
map4ftau_20260826,4350.0,2592.0,36380.343366,14.035626298611112,645,2701.0,3313.0,1664.0
map4ftau_20260826,4500.0,2557.0,33919.007170999976,13.265157282362134,645,2676.0,3305.0,1673.0
map4ftau_20260826,4650.0,2469.0,32691.655867000005,13.240848872823006,645,2561.0,3144.0,1637.0
map4ftau_20260826,4800.0,2306.0,30181.850439,13.088400016912404,645,2410.0,2913.0,1541.0
map4ftau_20260826,4950.0,2229.0,31333.884488000018,14.057373031852856,645,2320.0,2750.0,1431.0
map4ftau_20260826,5100.0,2158.0,31234.168972999985,14.473664955050966,645,2252.0,2667.0,1331.0
map4ftau_20260826,5250.0,2118.0,28507.540570999987,13.459650883380542,645,2222.0,2621.0,1369.0
map4ftau_20260826,5400.0,2047.0,24499.799239000004,11.968636658036152,645,2124.0,2586.0,1392.0
nocontrolstep_20260826,1.0,4.0,162.25913699999998,40.564784249999995,645,4.0,6.0,0.0
nocontrolstep_20260826,150.0,479.0,14491.364099999992,30.253369728601236,645,535.0,786.0,135.0
nocontrolstep_20260826,300.0,777.0,24034.62529,30.93259368082368,645,875.0,1364.0,240.0
nocontrolstep_20260826,450.0,1000.0,28740.03573200001,28.74003573200001,645,1108.0,1729.0,348.0
nocontrolstep_20260826,600.0,1182.0,31962.86420499999,27.04134027495769,645,1274.0,1924.0,457.0
nocontrolstep_20260826,750.0,1338.0,38387.374914,28.690115780269057,645,1473.0,2126.0,486.0
nocontrolstep_20260826,900.0,1407.0,37183.89319999999,26.427784790334037,645,1554.0,2183.0,534.0
nocontrolstep_20260826,1050.0,1693.0,44301.35374499999,26.167367835203777,645,1846.0,2578.0,648.0
nocontrolstep_20260826,1200.0,1920.0,47340.43072000002,24.656474333333342,645,2094.0,2930.0,799.0
nocontrolstep_20260826,1350.0,2066.0,51356.73283000001,24.858050740561474,645,2281.0,3208.0,828.0
nocontrolstep_20260826,1500.0,2225.0,53348.48946200003,23.976849196404505,645,2388.0,3396.0,952.0
nocontrolstep_20260826,1650.0,2284.0,50230.98418600002,21.992549993870412,645,2473.0,3531.0,1069.0
nocontrolstep_20260826,1800.0,2425.0,53753.571374999985,22.166421185567003,645,2621.0,3609.0,1102.0
nocontrolstep_20260826,1950.0,2540.0,53815.58837500001,21.187239517716538,645,2736.0,3762.0,1207.0
nocontrolstep_20260826,2100.0,2655.0,56190.62255900002,21.16407629340867,645,2841.0,3852.0,1276.0
nocontrolstep_20260826,2250.0,2769.0,58832.56760699996,21.246864430119164,645,2961.0,4005.0,1331.0
nocontrolstep_20260826,2400.0,2896.0,63083.57610399999,21.78300279834254,645,3098.0,4091.0,1355.0
nocontrolstep_20260826,2550.0,2946.0,57423.40980799997,19.491992467073988,645,3158.0,4120.0,1474.0
nocontrolstep_20260826,2700.0,2978.0,58074.10566000004,19.50104286769645,645,3197.0,4188.0,1504.0
nocontrolstep_20260826,2850.0,2977.0,55579.95296800001,18.669786015451802,645,3170.0,4190.0,1597.0
nocontrolstep_20260826,3000.0,2926.0,50514.763811999976,17.264102464798352,645,3121.0,4045.0,1651.0
nocontrolstep_20260826,3150.0,2909.0,50976.914962999996,17.523862139223098,645,3105.0,4016.0,1623.0
nocontrolstep_20260826,3300.0,2983.0,52376.04686700002,17.55817863459605,645,3159.0,4039.0,1655.0
nocontrolstep_20260826,3450.0,3020.0,52560.900445000036,17.404271670529813,645,3222.0,4109.0,1682.0
nocontrolstep_20260826,3600.0,3104.0,53621.018811,17.274812761275772,645,3265.0,4153.0,1777.0
nocontrolstep_20260826,3750.0,2995.0,50866.97901600004,16.9839662824708,645,3157.0,3904.0,1687.0
nocontrolstep_20260826,3900.0,2887.0,45426.06907000005,15.734696595081417,645,3061.0,3738.0,1720.0
nocontrolstep_20260826,4050.0,2780.0,42638.627335999954,15.337635732374084,645,2896.0,3546.0,1678.0
nocontrolstep_20260826,4200.0,2708.0,41315.616456,15.25687461447563,645,2851.0,3498.0,1651.0
nocontrolstep_20260826,4350.0,2699.0,40678.38443399999,15.071650401630231,645,2848.0,3459.0,1664.0
nocontrolstep_20260826,4500.0,2645.0,39168.723645,14.808591170132324,645,2804.0,3449.0,1673.0
nocontrolstep_20260826,4650.0,2538.0,36039.29573700003,14.199880117021289,645,2659.0,3272.0,1610.0
nocontrolstep_20260826,4800.0,2424.0,33788.570282,13.939179159240924,645,2547.0,3052.0,1535.0
nocontrolstep_20260826,4950.0,2343.0,33184.486794000004,14.163246604353395,645,2447.0,2884.0,1446.0
nocontrolstep_20260826,5100.0,2224.0,30921.50682099997,13.90355522526977,645,2359.0,2815.0,1387.0
nocontrolstep_20260826,5250.0,2179.0,30607.496439,14.046579366223037,645,2318.0,2742.0,1392.0
nocontrolstep_20260826,5400.0,2139.0,29178.124624,13.64101197942964,645,2235.0,2707.0,1368.0
plantfix_20260827,1.0,4.0,162.25913699999998,40.564784249999995,645,4.0,6.0,0.0
plantfix_20260827,150.0,488.0,12233.770349999992,25.069201536885227,645,537.0,788.0,179.0
plantfix_20260827,300.0,786.0,20738.797534,26.385238592875318,645,883.0,1372.0,300.0
plantfix_20260827,450.0,1036.0,26574.857639000013,25.65140698745175,645,1131.0,1744.0,446.0
plantfix_20260827,600.0,1234.0,26479.570889000017,21.458323248784456,645,1304.0,1945.0,593.0
plantfix_20260827,750.0,1407.0,31780.643887999984,22.5875223084577,645,1508.0,2152.0,661.0
plantfix_20260827,900.0,1491.0,33691.92250799999,22.59686284909456,645,1592.0,2216.0,685.0
plantfix_20260827,1050.0,1765.0,40707.89595799999,23.06396371558073,645,1885.0,2594.0,790.0
plantfix_20260827,1200.0,1990.0,46234.593061000014,23.233463849748752,645,2137.0,2954.0,906.0
plantfix_20260827,1350.0,2144.0,45642.349800999946,21.288409422108185,645,2311.0,3211.0,1044.0
plantfix_20260827,1500.0,2319.0,47863.656504,20.639782882276844,645,2439.0,3469.0,1140.0
plantfix_20260827,1650.0,2403.0,46526.35237899999,19.36177793549729,645,2546.0,3597.0,1260.0
plantfix_20260827,1800.0,2514.0,48971.21875099998,19.479402844470954,645,2679.0,3663.0,1304.0
plantfix_20260827,1950.0,2635.0,50006.38957200001,18.977756953320686,645,2800.0,3788.0,1371.0
plantfix_20260827,2100.0,2744.0,50781.58768299995,18.506409505466454,645,2908.0,3932.0,1523.0
plantfix_20260827,2250.0,2911.0,53164.71818699996,18.26338652937134,645,3054.0,4058.0,1589.0
plantfix_20260827,2400.0,3069.0,52977.81637200004,17.262240590420344,645,3238.0,4192.0,1727.0
plantfix_20260827,2550.0,3100.0,51585.951619999985,16.640629554838704,645,3312.0,4256.0,1763.0
plantfix_20260827,2700.0,3114.0,49301.34546300002,15.832159750481702,645,3293.0,4283.0,1815.0
plantfix_20260827,2850.0,3158.0,53364.831865,16.89830014724509,645,3321.0,4298.0,1847.0
plantfix_20260827,3000.0,3060.0,44049.21524500001,14.395168380718957,645,3203.0,4145.0,1892.0
plantfix_20260827,3150.0,3060.0,44481.19418400001,14.536337968627453,645,3229.0,4111.0,1908.0
plantfix_20260827,3300.0,3134.0,43220.10285500003,13.790715652520749,645,3261.0,4162.0,1992.0
plantfix_20260827,3450.0,3110.0,46497.55425400001,14.95098207524116,645,3272.0,4131.0,1870.0
plantfix_20260827,3600.0,3231.0,47297.988415000014,14.638807927886107,645,3353.0,4212.0,2004.0
plantfix_20260827,3750.0,3067.0,43359.50327199997,14.137431780893372,645,3208.0,3980.0,1916.0
plantfix_20260827,3900.0,3012.0,39398.70259600001,13.080578551128822,645,3150.0,3789.0,1980.0
plantfix_20260827,4050.0,2854.0,38204.35181800002,13.386248009110027,645,2939.0,3579.0,1840.0
plantfix_20260827,4200.0,2760.0,37312.042026999996,13.518855806884057,645,2859.0,3496.0,1812.0
plantfix_20260827,4350.0,2684.0,38226.666424999996,14.2424241523845,645,2818.0,3412.0,1729.0
plantfix_20260827,4500.0,2656.0,33665.133842,12.675125693524098,645,2770.0,3415.0,1799.0
plantfix_20260827,4650.0,2543.0,32352.45599200004,12.72216122375149,645,2640.0,3231.0,1697.0
plantfix_20260827,4800.0,2390.0,29924.08056299999,12.520535800418406,645,2494.0,2990.0,1618.0
plantfix_20260827,4950.0,2333.0,26605.71780199999,11.404079640805824,645,2414.0,2837.0,1602.0
plantfix_20260827,5100.0,2251.0,27135.003760999985,12.054644051976892,645,2356.0,2774.0,1530.0
plantfix_20260827,5250.0,2208.0,26433.39214699999,11.971644994112316,645,2313.0,2718.0,1498.0
plantfix_20260827,5400.0,2146.0,24559.566271999993,11.44434588630009,645,2240.0,2699.0,1495.0
